acc_x,acc_y,acc_z,eul_x,eul_y,eul_z
-3.61,-2.44,-8.79,-98.27798211945836,-75.40930645344955,26.81658340220249
-3.62,-2.66,-8.85,-98.22154454935584,-75.45843872239924,26.85505118099297
-3.65,-2.46,-8.9,-98.45606543610266,-75.31532999505328,26.62261392158055
-3.68,-2.45,-8.81,-98.42711065798149,-75.32514694407892,26.649256993271425
-3.58,-2.73,-8.87,-98.17495584439492,-75.52479831938642,26.806109620112128
-3.56,-2.61,-9.05,-98.2070302210354,-75.60179764810924,26.56869146645293
-3.54,-2.51,-8.78,-97.97625652808578,-75.82799994208287,26.57356379426741
-3.73,-3.12,-8.0,-97.63604581008477,-75.96092952250088,27.030663323940967
-4.02,-3.43,-6.13,-97.66015260504427,-75.90074927554159,27.11583004637821
-3.88,-3.08,-3.24,-100.18120997206576,-75.16808356743233,22.958608707167016
-2.0,-1.24,-4.28,-103.12031805944014,-74.55726822280249,15.716604214561016
0.81,-3.06,-6.95,-104.9351664907431,-73.85592648129953,6.485367449725867
3.89,-3.52,-9.89,-106.3523129487778,-71.4470841001787,-4.140190612160185
7.16,-1.87,-14.28,-107.50287211705944,-67.34417613947508,-14.112395048864132
9.25,-1.91,-18.86,-107.979067404648,-63.64643346741283,-20.91339470951559
9.31,-3.31,-19.46,-112.0152478329004,-62.13352434498453,-17.18240359321501
8.91,-2.04,-13.74,-118.50639916576988,-60.3261372275634,-6.473327420869037
2.93,-0.07,-4.26,-122.61076091929505,-57.086235827572,5.254542788765152
-2.51,1.86,-2.94,-124.28406233643427,-53.33826467388759,11.7581054603434
-4.03,4.27,-3.94,-124.93732319487414,-50.17808292112411,14.917487477586937
-3.72,2.83,-7.33,-124.985526315619,-48.64346454834354,16.499193888151247
-4.27,3.12,-5.7,-124.6451584525638,-47.44814598606729,18.201720562584946
-4.64,2.37,-6.26,-124.66319027230436,-47.230564155919744,18.70325197926444
-3.89,0.28,-8.94,-124.99216659200418,-47.19773176006095,18.69915686208381
-4.11,2.17,-8.39,-125.11021180538864,-46.57043976892898,18.710733951671227
-4.3,1.9,-7.93,-125.1861619216668,-46.17493324705044,18.99355762444368
-4.17,1.55,-9.08,-125.35753237005414,-46.40257208593584,18.772065365780414
-4.07,1.26,-8.65,-125.53749469029232,-46.27800119049846,18.799231030231432
-4.17,1.82,-8.71,-125.64679891335824,-46.09495626430017,18.599339028891247
-4.09,1.73,-8.95,-125.76116970549248,-46.19502257255714,18.418645998089254
