acc_x,acc_y,acc_z,eul_x,eul_y,eul_z
-2.98,-2.43,-9.11,-121.09535657918522,-53.87956106371679,21.80855650406292
-3.04,-2.33,-9.11,-120.964039384449,-53.87031631850444,22.078436094746213
-3.07,-2.12,-8.83,-120.94350681715648,-53.79754069386403,22.33037831223703
-3.0,-2.35,-9.15,-120.87008118312102,-53.84861139696639,22.321843792707163
-3.05,-2.1,-9.08,-121.03629505027448,-53.75125015525345,22.21025513236748
-3.0,-2.22,-8.85,-120.82223525509627,-53.87281659818263,22.400979996500286
-2.96,-2.42,-9.14,-120.72119865410548,-53.99322026324578,22.308139384177267
-2.97,-2.35,-9.28,-120.80562138992764,-54.03039678647372,21.99219547848329
-2.94,-2.35,-9.03,-120.56916909404144,-54.12800994253184,22.252454410369992
-2.93,-2.86,-8.85,-120.41696859195643,-54.16824492136987,22.424168067762707
-2.88,-4.86,-7.99,-120.91426600562345,-53.64262364147017,22.353169389002947
-3.11,-2.74,-6.14,-122.50476908733496,-52.38086457916749,21.54978483176545
-3.07,-1.96,-4.62,-125.66577529634924,-50.64559399764407,17.546954238283345
-1.38,-3.29,-6.95,-129.25342386380044,-48.704113981876965,10.43254034027091
2.12,-0.29,-10.67,-133.36968484058545,-45.43479571493789,0.7247829071444858
3.71,-0.28,-12.83,-134.7077116985756,-42.971158573136336,-7.645129694033204
4.12,-0.04,-11.42,-134.8927834071458,-40.99049572193015,-13.470709969402428
4.82,1.62,-11.9,-134.5479372383746,-39.91326890327458,-16.869137635625606
5.46,0.33,-14.26,-133.72725534964965,-40.5404989956278,-17.436632040715367
4.8,-4.19,-11.98,-134.4114184798491,-41.99539242168432,-12.103415261369983
4.21,-6.37,-11.64,-137.44781516878774,-41.21081680128374,-5.200039936267629
1.88,-2.56,-7.68,-142.73969368996387,-37.2303258048275,0.3880320905449325
-1.39,3.83,-5.64,-146.01471058674557,-33.5754588383898,2.3533754574053978
-1.55,4.91,-8.48,-146.47230232511018,-32.29775076837424,4.4539799799132735
-1.58,3.41,-9.13,-145.27391711723618,-32.62979319526565,7.700363848560222
-2.48,1.74,-6.57,-144.13178309604243,-33.06424032094805,10.405371443405803
-2.59,1.59,-7.91,-143.6522332981614,-33.25133532396675,11.292989388733837
-2.23,1.17,-9.51,-143.49127038318994,-33.37869048516862,11.326802358424963
-2.62,1.3,-9.27,-143.01691783107668,-33.47510147165668,12.225610438856751
-2.9,0.55,-8.47,-142.7887797112655,-33.55458471951847,12.807328190635364
-2.68,1.15,-9.28,-143.0532884453515,-33.3766215583785,12.180343183988846
-2.33,1.51,-10.28,-143.2315626868259,-33.166863957797354,11.821653755353736
