acc_x,acc_y,acc_z,eul_x,eul_y,eul_z
-4.95,-0.05,-8.37,-127.51073427389312,-41.14027037695834,29.208980092341715
-5.01,0.2,-8.18,-127.44918277882876,-41.225291882609575,29.146072230686844
-4.89,-0.28,-8.36,-127.32340226404948,-41.50687851212667,29.14395540189858
-4.98,-0.22,-8.36,-127.19710218303332,-41.749063355138944,29.161089787866693
-5.06,-0.09,-8.3,-127.19462614113576,-41.758218647301,29.06664195498549
-4.8,-0.73,-8.62,-127.28473325667656,-41.96556229184008,28.89570182163814
-4.75,-0.54,-9.05,-127.51096733287676,-41.946358440060784,28.59705505672823
-4.97,-0.46,-8.57,-127.50812575850664,-41.83791892445254,28.779533593599
-5.12,0.37,-8.24,-127.6272650799345,-41.59439290197111,28.69101624163032
-5.15,0.4,-8.34,-127.70510619440962,-41.51156802705466,28.57241596671997
-5.0,-0.1,-8.56,-127.81152126976713,-41.47695451488856,28.343804201902408
-5.12,-0.63,-7.33,-127.68408818664484,-41.493022152655286,28.57578712859427
-5.15,-0.96,-5.87,-128.11699347135044,-41.26509861543417,28.06803921115021
-5.41,-0.87,-2.36,-129.5653078350141,-41.057310103621504,25.83508524114903
-4.13,1.41,-1.44,-133.05571688858595,-41.38134775946526,19.222106928165672
-1.15,0.89,-4.44,-136.6594444856878,-41.86069718330872,9.462528866941424
3.3,1.14,-9.27,-137.3787017393615,-42.55494821166244,-2.1591787607943167
5.31,0.29,-13.12,-134.71076629127646,-42.89844141097353,-13.235635157424142
6.45,0.09,-18.35,-132.68297694939355,-42.30161028562375,-19.1211408829127
5.41,1.42,-13.76,-133.07045638000878,-41.85433382275228,-19.31909381062
3.67,1.32,-8.98,-132.87254340854798,-42.35778549587066,-18.774470137873603
3.6,-0.53,-10.75,-132.1117955803289,-42.79332307441978,-19.25512649458884
3.85,-0.1,-11.41,-132.0909538517198,-42.814055813179,-19.211465775537
3.44,0.13,-10.28,-132.35569979068288,-42.96183832896595,-18.370574106618328
3.0,-0.14,-9.16,-132.48072643905326,-42.95192233540077,-18.02920913353321
3.27,0.41,-9.99,-132.30313157984662,-43.10223677598053,-18.260115231517688
3.42,-0.27,-10.07,-132.28606685848476,-43.29955615404871,-17.683383885946785
3.19,-0.17,-9.29,-132.5128870657492,-43.11659726392699,-17.432273338209427
