acc_x,acc_y,acc_z,eul_x,eul_y,eul_z
-5.66,-0.15,-7.94,-122.58285681301142,-43.41885679979042,33.11315677136836
-5.76,-0.21,-7.7,-122.47158517782871,-43.26112507470226,33.3699772101366
-5.66,0.36,-7.91,-122.74144122272948,-43.00543539852004,33.028922370147306
-5.58,0.05,-8.04,-123.00935767358826,-43.04910410335639,32.666149257855075
-5.66,-0.13,-7.85,-122.94836210900688,-43.1442115814555,32.80658925397401
-5.61,0.04,-8.08,-123.24716474222028,-43.05352789800632,32.38549362390107
-5.61,0.11,-8.22,-123.4991434269781,-43.00347755526976,32.00411292425016
-5.65,-0.04,-8.14,-123.51497677499025,-43.097119806551774,32.065208557887765
-5.59,-0.02,-8.13,-123.74064807950808,-43.087015047809686,31.679992672195247
-5.67,0.15,-7.8,-123.6141764891832,-42.99810674129832,31.88298255180507
-5.66,-0.18,-7.68,-123.4809777022108,-43.03111538004323,32.14509340372772
-5.74,-0.04,-7.03,-123.60007472643495,-42.991277697282726,32.001718649052485
-5.86,-0.12,-6.23,-124.2122675585268,-42.87410814606432,31.34668522963407
-6.12,-0.23,-4.09,-126.83002720681344,-42.97586264897234,27.50938473763505
-4.28,0.14,-4.52,-130.81936732546112,-43.341668791648615,20.268349135797514
-1.01,0.76,-6.65,-134.50152318891458,-44.194377634721725,9.351685278112743
1.01,-0.35,-9.1,-135.26496384894804,-44.60696806838089,-3.085437969814859
4.61,0.67,-13.04,-133.2489133559816,-43.91535097330819,-14.734812411333577
5.38,2.87,-15.27,-129.9773753224253,-43.709164404935706,-22.379072329290565
4.13,-0.38,-11.28,-129.24190422370648,-44.496287229928576,-21.977923388912373
3.4,-0.73,-8.74,-129.57189137936908,-44.34497137535625,-21.40097508873896
3.91,0.77,-8.94,-129.39798966476926,-43.71879896947228,-23.04695633110589
4.55,0.63,-10.32,-128.9944237153272,-43.41903310435651,-24.33507135647722
4.42,0.75,-9.56,-129.09991050676518,-43.187603302684415,-24.6391702779085
4.3,0.83,-9.07,-129.06928778816624,-43.17078197120528,-24.82417683420036
4.16,0.37,-9.07,-129.16928071093832,-43.15710697070116,-24.57632950896161
4.04,0.53,-9.08,-129.3241150803582,-43.1444083512423,-24.361594839744978
3.93,0.52,-9.07,-129.41096472314004,-43.23539190839287,-24.064060041964325
