acc_x,acc_y,acc_z,eul_x,eul_y,eul_z
-2.49,0.41,-9.44,-161.21954183361512,10.753003071870054,15.135679738336451
-2.35,0.5,-9.84,-161.64573705685663,10.718474180434589,14.68496232374226
-2.15,0.55,-10.38,-162.00854277151578,10.67243717618693,14.211377245158012
-2.27,0.53,-10.04,-162.00854277151578,10.706964767003903,14.188281840563285
-2.28,0.05,-9.4,-162.00854277151578,10.718474180434589,14.176734355559056
-2.14,0.59,-9.95,-162.00854277151578,10.856595634361932,14.01508470303339
-2.31,0.53,-9.73,-161.7899992062843,11.178940913568928,14.003539375629764
-2.46,0.14,-9.98,-161.5740259283265,11.3631779010396,14.003539375629764
-2.56,0.78,-10.41,-161.14943788464134,11.731740790019304,14.24602144035678
-2.29,1.15,-11.56,-160.06096636558732,12.019765115233204,15.29753283007483
-2.65,2.65,-10.86,-158.40779810685115,11.766299745968876,17.450913825320047
-2.86,4.51,-9.42,-156.19500732541923,9.855560741569812,21.147383365420364
-1.85,5.29,-6.84,-155.3754969883622,6.168003805570946,23.62387580431868
-2.21,5.08,-2.8,-155.59138277018496,-2.2346770389286066,24.22126399043484
-0.19,-0.23,-0.99,-154.42620867150097,-10.327214181692757,21.20567161915569
2.39,-9.24,-2.35,-148.35037934063973,-20.70457229377833,13.207250097467805
4.89,-9.52,-2.13,-144.46400874868328,-26.01751718039721,-1.2032334798806037
9.58,-8.19,-12.91,-140.0359922172176,-26.09985097880343,-14.107452479907948
7.54,-7.3,-5.55,-134.38132917213414,-23.49511329436541,-25.735333308776628
8.97,-6.82,-7.39,-129.94368889359723,-19.76171895398025,-35.52836049051285
11.52,-5.94,-13.71,-126.2513038466384,-12.423127669242316,-44.927644585005865
9.64,-0.25,-10.99,-130.4608263468181,-6.317194167065648,-42.97521768410124
6.07,0.87,-8.72,-139.37063539830643,-0.3323159869732291,-35.34791273696944
4.63,1.04,-8.62,-145.41510886588998,2.9797163137078666,-29.879123753551497
4.41,-0.49,-10.25,-148.3924281475188,3.8853982832056495,-26.605918469153576
2.57,-0.61,-7.7,-152.47972490837182,3.919795697049856,-22.045646214809643
2.9,-2.23,-8.91,-153.5103719816942,3.346549205454908,-20.774468878532232
3.14,-2.94,-9.36,-153.81215335885898,2.555603608821701,-19.982758376303032
2.61,-3.0,-8.02,-154.37448496866145,1.9023072532875973,-19.273367657733324
3.05,-2.8,-8.73,-154.27134430279995,1.5699534720315549,-19.54075377357945
