acc_x,acc_y,acc_z,eul_x,eul_y,eul_z
-4.2,-0.17,-8.95,-155.80916562137492,5.250129975900072,23.49511329436541
-4.26,-0.08,-8.6,-155.70003388404493,5.273072468222583,23.62387580431868
-4.26,-0.28,-8.7,-155.6456486519571,5.192774664418371,23.65899809735879
-4.16,-0.02,-8.92,-155.75453926974473,5.15836210329675,23.612168873737943
-4.01,-0.7,-8.88,-155.80916562137492,5.123950007684243,23.506817731301982
-4.35,-0.54,-8.61,-155.80916562137492,5.0665975409818325,23.483409106034056
-4.17,-0.42,-9.13,-156.02889725740351,5.192774664418371,23.272776070440536
-4.14,-0.25,-8.87,-156.0841409493743,5.284543793645802,23.17918701849416
-4.08,-0.22,-8.91,-156.19500732541923,5.307486603594608,23.10900551875196
-4.02,-0.3,-9.15,-156.19500732541923,5.284543793645802,23.050527648721733
-4.22,-0.41,-8.92,-156.0841409493743,5.284543793645802,23.144095168471857
-4.15,-0.41,-8.88,-156.02889725740351,5.192774664418371,23.237678334824075
-3.96,-0.27,-9.3,-155.80916562137492,5.204245622111723,23.43659483600268
-4.09,-0.45,-9.17,-155.48320588867858,5.204245622111723,23.740958889771715
-4.43,-0.05,-8.51,-155.05511767406654,5.146891353190199,24.20954412674289
-4.25,-0.78,-8.77,-154.84376268843482,5.020716482682318,24.44399042905254
-4.91,-0.97,-7.92,-155.16145880106285,5.0780679322633615,24.04549296367276
-3.55,-3.9,-8.71,-162.91040944456057,4.779853967883568,16.315612011260463
1.29,2.84,-6.33,-169.00454610436458,3.300693295071686,-7.729330710703709
5.16,6.18,-7.96,-147.84997349806363,0.8479852761926534,-28.24548909512887
6.53,2.52,-7.28,-139.9355135446495,0.3666936147093117,-36.63712122701613
6.37,4.0,-6.86,-136.21958862710648,0.0458366248327759,-40.20491824599517
5.7,2.09,-6.76,-135.7608376875957,-0.0458366248327759,-40.71784682431407
5.97,2.2,-7.24,-134.0866361818657,-0.2406424508273681,-42.053036389733045
6.83,3.75,-7.52,-133.06899702903368,-0.4698267083113723,-42.80285732809909
6.41,3.62,-7.28,-133.18424101457546,-0.5500415954991054,-42.60599837478333
6.22,3.13,-7.23,-133.12658560187518,-0.4927452222969898,-42.60599837478333
6.63,3.27,-7.32,-133.27085000109963,-0.3666936147093117,-42.36010990852977
6.74,3.71,-7.04,-133.7645266360233,-0.1718874029970642,-41.77080790377483
6.17,3.34,-7.12,-134.38132917213414,-0.011459155921715,-41.10922158106119
5.86,3.04,-7.0,-134.64810211296725,-0.0916732569994142,-40.96239758351413
6.07,3.03,-6.83,-134.61838734283256,-0.0687549395409955,-41.04803635831072
5.93,3.11,-6.78,-134.7671460925717,-0.0572957819004067,-40.91347187505044
