acc_x,acc_y,acc_z,eul_x,eul_y,eul_z
-2.05,-1.27,-9.5,-135.20895014192186,-41.96129643650677,14.72397180436527
-2.45,-1.5,-8.87,-135.00525016395397,-41.8765245283664,15.48626448998006
-2.37,-1.03,-9.0,-135.0079010804014,-41.73110854978584,15.923376476685757
-2.53,-1.36,-8.59,-134.7351891072922,-41.65634776574248,16.745663924314677
-2.59,-1.59,-8.33,-134.68517787181645,-41.57839533337632,17.03261791333675
-2.66,-1.29,-7.74,-134.8736090272165,-41.50042369034309,16.73831574702894
-4.61,-2.77,-1.55,-136.37251376257737,-41.11044213025431,13.53788369878168
-0.06,-2.93,-3.21,-139.89481658165198,-39.55096635873618,0.9209316938492792
5.87,1.95,-9.25,-139.1380315422463,-37.49436029941819,-14.867863452115884
7.92,3.7,-13.17,-134.18627647734797,-35.32358585408147,-27.78420743291469
7.89,1.18,-11.72,-129.78753778811728,-35.46388803094504,-33.599303942229284
6.92,-0.24,-8.93,-129.1497460206144,-35.093712109300085,-34.74427861391251
6.48,1.26,-8.91,-128.8261778678223,-34.68986206548203,-35.801825202077474
6.65,0.7,-8.69,-128.78649809926725,-34.52575651712867,-35.99377514663885
5.96,1.05,-8.26,-129.25834389166158,-34.42863902816765,-35.626390820627606
5.61,1.02,-8.19,-129.74039728767693,-34.458944443230465,-35.05141827007885
5.7,0.89,-8.24,-130.1890099081979,-34.331825877765624,-34.562494923763474
5.5,1.09,-8.12,-130.55186559871223,-34.36432743033499,-34.12669325814659
5.18,0.98,-7.95,-131.0650625865028,-34.476243239124265,-33.347876950132644
5.35,0.75,-8.11,-131.28230893939147,-34.34362469788972,-33.116983001475056
5.34,1.2,-8.1,-131.4681678620717,-34.41625894557246,-32.85461224664559
5.16,0.81,-8.08,-131.85319474195975,-34.238348701557825,-32.5110172460357
5.14,1.33,-7.98,-131.97599164539386,-34.18940452900638,-32.464719665937736
5.19,1.05,-8.0,-131.67093012171736,-34.48819413772709,-32.565665850103784
5.23,0.7,-8.37,-131.92901424111136,-34.59774440837569,-32.067798743144806
4.63,1.18,-7.84,-132.23042731006203,-34.60797424759301,-31.69868402907249
5.12,1.24,-8.16,-131.74906992316923,-34.8732909245298,-32.088650655591394
5.2,0.55,-8.21,-131.79461633351016,-34.86830401979085,-31.959675362204656
5.13,0.79,-8.2,-131.95663798703208,-34.5889431181656,-32.001106794834406
5.29,1.35,-8.19,-131.7117054184188,-34.69020257728006,-32.2887040750678
5.12,0.85,-8.04,-131.75146959881204,-34.549077617819854,-32.31927677550091
5.09,1.08,-8.21,-131.7777124402395,-34.591679878644946,-32.3097799760047
5.11,1.05,-8.1,-131.36324726862077,-34.74290218123981,-32.72590745481414
