acc_x,acc_y,acc_z,eul_x,eul_y,eul_z
-0.79,-1.04,-9.36,-145.2409615976321,-34.09306321226169,5.031866692001652
-0.73,-0.73,-9.49,-145.22310469186692,-34.15304091151862,4.980017656068586
-0.57,-1.07,-9.41,-145.08136032507457,-34.259542943483304,4.775641804609233
-0.62,-1.14,-9.73,-145.02303849552925,-34.3071874690432,4.837467327451453
-0.79,-1.7,-10.26,-144.91783075708878,-34.43231558730534,4.5944337762200425
-0.23,-2.37,-11.04,-145.29648336464976,-34.159084078712084,3.981852721230697
0.87,-2.11,-12.69,-146.3362400109947,-33.27943438342431,3.1092620589725173
1.2,0.34,-12.8,-147.7963187792371,-31.820295245551176,4.469127104717838
3.77,0.01,-17.7,-148.2202198207596,-30.339914409682933,9.23596460360416
-4.79,1.64,-2.88,-143.10593265203957,-31.09602651770124,19.361785870829536
-3.24,-2.03,-5.96,-137.68295934951547,-31.27116678689061,27.783235060340346
-5.32,-1.42,-2.63,-134.36957409691576,-30.99117237709869,32.61262148878093
-6.47,0.96,-0.41,-135.68172960804787,-30.340771894914884,31.42367612503477
-4.18,-0.57,-5.79,-138.9321845422965,-29.78754920440126,27.60306230456804
-2.95,-2.28,-7.84,-143.25561272410982,-29.14503284020884,21.88630931140964
-3.02,-1.83,-3.39,-149.1837064464878,-27.749035512892966,13.124070874713356
1.36,-0.05,-8.63,-154.3934152864678,-25.52172276092745,-0.6544503286776092
3.29,5.17,-13.04,-153.15154342760547,-24.49454023681799,-10.4247501091842
3.06,-0.31,-5.85,-148.17282799502468,-24.614006128600163,-19.8493911273218
6.33,2.24,-10.52,-139.44254353117222,-23.34660185624621,-32.66732036660315
8.81,3.13,-13.87,-135.15325658333745,-23.10619393890049,-37.86419078048077
7.49,2.17,-10.04,-134.19026523253913,-23.26232246734286,-38.84855833724593
6.2,1.85,-8.41,-134.8872712393251,-23.530132118815214,-37.85957014055017
6.04,2.05,-8.73,-134.56637769032062,-23.89034644730636,-37.99437992804893
5.64,2.14,-8.23,-134.6783762851509,-24.27412131752761,-37.6072480291374
5.7,2.05,-8.16,-134.73495662579109,-24.52079582913549,-37.34596796937121
5.55,1.64,-7.9,-134.93466905155395,-24.923453825233626,-36.87064824657217
5.21,2.83,-7.62,-135.01865125009908,-24.973050465526,-36.70222003895292
5.84,1.11,-8.5,-135.08904904918543,-25.42637812865365,-36.352079499630776
5.21,1.56,-7.62,-135.6302491837615,-25.45242937589265,-35.67615184118234
5.76,1.69,-8.3,-135.434311080248,-25.56447814651684,-35.81889164069325
5.32,2.21,-8.02,-135.4248415373913,-26.01606019537786,-35.47575211765571
