acc_x,acc_y,acc_z,eul_x,eul_y,eul_z
-2.99,-1.54,-9.34,-131.3998807955098,-43.643165933473625,20.272505906964827
-3.02,-1.52,-9.03,-131.2984522964016,-43.53811795532217,20.70700084238148
-2.81,-1.53,-9.53,-131.37565435155673,-43.60960775023744,20.37805038198925
-3.22,-1.4,-8.75,-131.22161134010972,-43.56176404025367,20.82390048367897
-3.11,-1.56,-8.93,-131.12401815999914,-43.47119952923044,21.182384741655408
-2.81,-1.73,-9.5,-131.24072693769062,-43.41691448798276,21.030217997853807
-3.23,-1.28,-8.67,-131.4507100856033,-43.224558582460325,21.01240983394893
-3.27,-1.45,-8.4,-131.66499428250802,-43.167318097048856,20.6675667708962
-5.78,-3.51,-1.46,-134.30679403721757,-42.63440607602805,15.233823446743536
-1.08,-5.11,0.02,-138.89219484938002,-40.380998455089895,-5.532391110763952
6.25,3.84,-9.93,-136.2963626801952,-37.54408126058047,-21.510267957410523
10.1,6.19,-17.86,-132.87517067426666,-37.77556929604939,-26.83449174233773
6.94,-0.25,-11.32,-132.72850124636392,-39.08275507935177,-24.674935089523448
3.91,-0.67,-7.46,-133.7945969875617,-38.98499848676161,-22.92391422554105
3.88,0.48,-8.45,-133.58932004779462,-38.77465135261977,-23.88166126089861
4.86,0.94,-10.24,-133.48996972689454,-39.08013667391398,-23.65215651487257
4.19,-0.16,-9.12,-134.2518433958499,-38.97715736083688,-22.379551091418502
3.56,0.69,-8.94,-134.8236660587585,-38.97787443089546,-21.49842194670615
3.92,0.46,-9.61,-134.98695753758264,-39.0263620048544,-21.02904454763189
3.32,0.38,-8.87,-135.70737393458722,-39.03836913537511,-19.571965702621807
3.6,0.56,-9.43,-135.74967589796842,-39.17627795732062,-19.298302370277792
3.07,0.52,-8.62,-135.83331476422248,-39.32010165089043,-18.927516266713525
3.42,0.31,-9.49,-135.91549347725828,-39.278522116826686,-18.776604150640445
2.91,0.34,-8.58,-136.4433290962582,-39.25737086381047,-17.692048622689697
3.42,0.73,-9.99,-136.28168784428422,-39.38462435878253,-17.86130377428998
3.13,0.24,-9.23,-136.2587385614168,-39.53393259931522,-17.467559873517793
2.84,0.24,-8.97,-136.26855291150065,-39.54648671771808,-17.366888174672106
3.21,0.34,-9.68,-136.0059567769259,-39.5187672449478,-17.970500982892023
3.3,0.29,-9.41,-135.97537252113847,-39.49188000734123,-18.06037108979508
3.19,0.45,-9.22,-135.9105455938089,-39.55809525083176,-18.14482860079548
3.07,0.59,-9.47,-135.96102144112513,-39.540398377757256,-18.21179186871368
2.98,0.87,-9.28,-135.8305926444075,-39.76581610874879,-18.10725794615504
3.11,-0.09,-9.14,-135.71157356830676,-39.83980651816061,-18.07433883630252
