acc_x,acc_y,acc_z,eul_x,eul_y,eul_z
-2.25,-0.39,-9.78,-161.7899992062843,-11.052294827398208,14.2344732300193
-2.23,-0.98,-9.78,-161.7899992062843,-11.029269725697889,14.2344732300193
-2.29,-0.4,-9.81,-161.86255690793462,-10.856595634361932,14.32686299177392
-2.37,-0.36,-9.78,-161.86255690793462,-10.799043117568631,14.373061379793723
-2.39,-0.56,-9.53,-161.7899992062843,-10.810553401892458,14.407711711634985
-2.48,-0.5,-9.52,-161.7899992062843,-10.833574298853826,14.419262116395176
-2.34,-0.6,-9.69,-161.86255690793462,-10.868106466869214,14.303764676023915
-2.26,-0.41,-9.92,-161.86255690793462,-10.891128461986716,14.280666944469896
-2.13,-0.06,-10.86,-161.14943788464134,-10.9717089235085,15.18192036535379
-2.85,1.93,-9.45,-159.53822461146382,-11.535926836248436,16.66297690980209
-3.13,3.07,-6.23,-156.0841409493743,-14.812064314477515,18.06561632088332
-2.09,-2.73,-4.91,-152.91671705681662,-19.18038869449432,16.466118077182387
-0.47,-10.91,-5.09,-150.7504119288671,-23.57704958135869,8.510515201802361
4.02,-5.4,-9.14,-153.1625065187994,-22.62966555670664,-1.3407518310456548
5.28,-1.91,-13.38,-155.05511767406654,-18.100426311736804,-13.51876311679545
5.59,-1.76,-11.7,-154.79119639620873,-12.953497246186648,-20.72787028869477
5.84,1.5,-13.46,-155.05511767406654,-8.062436803571838,-23.49511329436541
4.6,3.93,-9.95,-157.74491268375093,-2.807774138332147,-21.823871652385925
3.92,1.98,-12.22,-161.00999937311445,-0.6531754234266163,-18.36735912324753
2.68,3.69,-10.94,-168.08593042045837,1.4095117183833985,-9.832557602907888
1.81,5.55,-11.88,-174.1563208624574,0.6187974261216272,-1.8220825674649568
-1.91,0.73,-4.58,-169.4938307856925,-3.5414428939599265,9.878564278366849
-2.6,-2.24,-6.56,-161.7899992062843,-7.763786880218299,15.632898017228824
-3.09,-1.47,-8.11,-158.5304946671076,-9.844059122531188,17.659623057349798
-3.06,-3.06,-8.25,-155.6456486519571,-12.00824269100582,19.05256341690962
-3.03,-2.66,-8.3,-154.89643727544532,-13.138038375794716,18.878294741272413
-2.34,-3.03,-9.96,-154.84376268843482,-14.188281840563285,17.81039419409229
-2.41,-3.71,-9.58,-154.58200075536982,-14.592535930080526,17.601642377536205
-2.82,-2.1,-8.54,-154.79119639620873,-14.754288420181696,17.358172932119437
-2.11,-2.48,-10.3,-155.4292933262199,-14.927627478593791,16.1419863535435
-2.21,-2.51,-9.85,-155.59138277018496,-14.927627478593791,15.806415466969176
-2.31,-1.78,-9.56,-155.80916562137492,-14.823619947246296,15.748572284340511
