acc_x,acc_y,acc_z,eul_x,eul_y,eul_z
-2.08,-0.92,-9.42,-156.1395106788363,-19.56400979675284,13.4841456448157
-2.18,-0.66,-8.39,-156.5307030363511,-19.36635943259494,13.057297449093689
-1.54,-1.73,-8.55,-158.28578665640208,-18.669230437467,11.00624507066077
-0.75,3.13,-12.39,-161.64573705685663,-16.801965875210325,7.040350098228411
-1.18,0.25,-9.63,-161.86255690793462,-16.848301053200124,6.317194167065648
-0.93,0.09,-9.97,-161.7899992062843,-17.114782424924247,6.064724315991072
-0.69,-0.06,-10.88,-161.50259041794217,-17.3929494210965,6.133576755953128
-1.29,0.21,-9.31,-160.87156803103974,-17.77559810564146,6.937025592767178
-1.22,-0.7,-9.34,-160.19378503937318,-18.216471799125177,7.752301412421159
-1.28,-0.33,-9.43,-160.06096636558732,-18.262895263137004,7.982025743589274
-0.97,-1.37,-10.13,-160.12726585571855,-18.193261198253683,7.844187348567063
-1.37,0.09,-8.33,-160.46210370241806,-17.81039419409229,7.970538771598189
-0.43,-4.17,-7.07,-162.37875406030932,-16.24615724549883,6.546738821065048
0.38,2.42,-9.93,-165.49550626988113,-12.838176201349,2.2117544130994498
0.89,3.97,-11.01,-165.31507383873742,-8.901253805563371,-3.77074274897392
1.4,3.35,-11.65,-164.44410289964102,-7.109236280779951,-6.294241112432486
0.96,3.47,-11.58,-164.10899767779725,-5.949975106955117,-6.443440527613203
1.02,4.4,-11.11,-165.86324083896642,-6.535260971441648,-3.335085177891311
0.12,0.35,-10.24,-167.44083871780597,-7.982025743589274,0.4239897358038088
-0.51,0.29,-9.62,-166.72765058183754,-8.912747665103913,5.628708719478254
-2.1,2.06,-7.97,-164.70021747025422,-8.786320126014099,9.970582425862728
-2.71,1.96,-7.04,-161.7899992062843,-8.72885661442212,14.026630173419028
-2.9,0.03,-8.27,-160.46210370241806,-9.13114820216436,15.852692930840096
-2.93,0.18,-8.81,-159.40959116439527,-9.154139652218912,17.195903895593172
-3.1,0.65,-8.82,-159.2817477883131,-9.09666171745326,17.230672895970507
-2.79,0.99,-9.34,-159.73268910086296,-8.786320126014099,16.778799324271787
-2.8,1.13,-9.27,-159.9290177639615,-8.590953131273462,16.466118077182387
-2.7,1.44,-9.54,-160.26052613773837,-8.476043091817116,15.968397992715149
-2.64,1.08,-9.63,-160.46210370241806,-8.671395302011161,15.598198868035936
-2.64,0.2,-9.13,-160.59764077497127,-8.820799294692952,15.436288478593855
-2.58,1.23,-9.6,-160.80272323312002,-8.68288738926451,15.112560354905924
