acc_x,acc_y,acc_z,eul_x,eul_y,eul_z
-3.47,0.35,-9.09,-151.1157235364922,-19.08742247639564,19.633782752905432
-3.66,1.36,-8.92,-151.06981274894218,-18.901528010085144,19.645412292934687
-3.44,1.01,-9.53,-151.207760054273,-18.69245669557365,19.55238168351347
-3.51,0.42,-8.88,-151.16170585731885,-18.599556301853195,19.68030213963965
-3.57,1.02,-8.91,-151.2538864729402,-18.08882279446736,19.73845598070809
-3.47,1.08,-9.25,-151.34635737161238,-17.659623057349798,19.6570420373131
-3.47,1.42,-9.83,-151.3927025567389,-16.96415115593626,19.81987998842397
-3.36,1.78,-10.27,-151.16170585731885,-16.38507281218067,20.23879269230359
-4.25,6.77,-8.38,-149.63651807466178,-16.003112701402525,22.05732086897936
-3.87,6.79,-6.41,-147.27558529764082,-19.36635943259494,24.37364567505576
-2.8,-3.01,-6.17,-142.5606051991767,-27.44268161964677,24.93666734562011
-3.16,-7.06,-5.76,-139.1073977684417,-33.763809904650955,20.669626923426364
-1.63,-6.17,-1.91,-140.98575914579104,-34.927218904854634,12.06585603312212
4.33,-5.43,-7.45,-144.9174197897038,-32.23403459047365,-5.502509177758649
5.82,0.31,-14.77,-145.8807574862969,-28.71838798339577,-15.7832777083714
5.58,-3.84,-13.18,-148.2664446111409,-23.49511329436541,-20.599742008899195
4.16,3.35,-9.03,-151.6255402012684,-17.54366623938741,-21.90556839778225
3.73,3.99,-9.49,-152.91671705681662,-13.103434321670449,-21.97560315049688
3.27,2.06,-10.21,-155.80916562137492,-10.902639624835572,-19.05256341690962
2.0,2.6,-8.02,-157.80436691060555,-9.798053639345571,-16.616652750638245
1.98,3.09,-8.62,-158.5921035424659,-9.09666171745326,-15.366907820940328
2.16,2.64,-10.0,-158.9028148870971,-9.050681021579294,-14.916070477056888
1.77,1.98,-8.77,-159.40959116439527,-9.200123661166051,-14.095906005217
1.98,2.22,-9.17,-159.40959116439527,-9.430066128049686,-13.945814879054648
2.23,1.96,-9.85,-159.40959116439527,-9.683046840720888,-13.968904250085991
1.82,1.82,-9.29,-159.40959116439527,-9.91307033213892,-13.738036026791262
1.82,1.8,-9.14,-159.40959116439527,-10.097117916179354,-13.738036026791262
2.12,2.02,-9.96,-159.21811781644797,-10.13162973120474,-13.98044914927855
2.07,2.04,-9.89,-159.2817477883131,-10.200656128703407,-13.807290567361374
1.85,1.99,-8.94,-159.40959116439527,-10.235170717586842,-13.634163660769715
