acc_x,acc_y,acc_z,eul_x,eul_y,eul_z
-4.01,-1.31,-9.25,-146.992038514199,-19.110662839696182,26.45286606002896
-4.41,-1.5,-8.57,-146.5113892939378,-19.12228331882828,27.0182238619502
-4.36,-1.3,-8.36,-146.39227073603638,-19.18038869449432,27.10072754559724
-4.18,-1.17,-9.09,-146.4319313048688,-19.110662839696182,27.11251495381608
-4.3,-1.38,-8.83,-146.39227073603638,-19.017706136871343,27.242195772473625
-4.29,-1.23,-8.73,-146.35265556905202,-18.98285063278348,27.312945744821853
-4.31,-1.43,-8.53,-146.35265556905202,-18.98285063278348,27.301153346475186
-4.25,-1.28,-8.74,-146.4319313048688,-18.98285063278348,27.20682475697043
-4.37,-1.37,-8.64,-146.35265556905202,-18.91314493847748,27.36011828826252
-4.34,-0.88,-8.71,-146.35265556905202,-18.83183055191492,27.41909061621704
-4.4,-1.5,-8.54,-146.39227073603638,-18.86667840059343,27.36011828826252
-4.43,-1.31,-8.22,-146.71084020226166,-18.83183055191492,27.0182238619502
-3.97,-1.98,-7.59,-149.11579237958978,-18.320928845487863,24.42054113976365
-3.42,-1.84,-8.74,-152.67309729035,-17.706010881893693,20.51821939470501
-2.67,-0.11,-8.64,-158.65388815245834,-16.813549410004512,13.04576356339961
-0.49,-0.6,-7.48,-163.86220596785728,-15.794846506662765,2.269061145645111
1.14,1.73,-9.6,-163.61910772281004,-14.754288420181696,-4.997776256010228
2.31,2.34,-9.88,-160.06096636558732,-13.541842119876778,-12.526874248925028
3.41,2.58,-11.29,-157.33304425296922,-12.711338126294772,-16.63981448789728
3.71,2.12,-10.26,-155.16145880106285,-12.284814782039538,-19.52912606682039
4.11,2.35,-10.42,-154.63414056108866,-12.100425506938455,-20.122400879873982
2.98,2.72,-9.05,-155.4292933262199,-12.054333120262198,-19.05256341690962
2.77,1.28,-8.85,-155.80916562137492,-12.261764386292771,-18.55311073338957
2.9,1.38,-9.14,-156.1395106788363,-12.054333120262198,-18.36735912324753
2.84,2.07,-9.39,-156.5307030363511,-11.92758912667584,-17.81039419409229
2.68,2.15,-9.1,-156.814109146573,-11.835420883076134,-17.439320584956548
2.68,1.95,-9.26,-156.98580474112185,-11.916067673936476,-17.137959104392678
2.71,1.91,-9.33,-157.27480743211564,-11.89302513102135,-16.709303811577858
2.2,2.02,-8.55,-157.44996317553054,-11.916067673936476,-16.396650200988272
