acc_x,acc_y,acc_z,eul_x,eul_y,eul_z
-3.44,-3.03,-8.89,-145.2612378633091,-21.147383365420364,24.831054609816945
-3.36,-2.7,-9.05,-145.37657897397716,-21.15904057291141,24.65508094243751
-3.31,-2.94,-9.15,-145.4536804163923,-21.170698001897183,24.54952511022461
-3.4,-2.38,-8.87,-145.68599243347148,-21.07744476440248,24.31503217113493
-3.39,-2.43,-9.39,-145.8807574862969,-21.03082344341432,24.127512270969643
-3.49,-2.58,-9.0,-145.91984007134727,-20.984205642908503,24.13923033811999
-3.48,-2.52,-8.71,-146.0373496598969,-20.914285524438075,24.0923596055089
-3.37,-2.22,-9.22,-146.19464572787078,-20.879328419459103,23.869779338261072
-3.35,-2.58,-9.22,-146.1159090950019,-20.937591354374124,23.89320452199912
-3.49,-2.55,-8.59,-146.19464572787078,-20.69292362085707,23.96348615709585
-3.44,-2.31,-8.57,-146.2340808810036,-20.73951961095484,23.858067126010045
-3.38,-3.1,-7.72,-146.79094642726758,-20.70457229377833,22.88682192770989
-2.62,-5.62,-1.91,-153.61058909469406,-18.390575402245243,16.257732621833743
2.73,-0.28,-3.03,-165.04848521846108,-14.049721543626418,2.4982938949536853
7.48,3.1,-14.81,-159.40959116439527,-7.786758050274272,-18.971232525472267
7.31,-0.98,-16.36,-152.47972490837182,-4.883078110442899,-27.053580833430228
5.09,3.13,-9.0,-150.61456567249238,-1.5928739664684124,-29.274683969227155
6.32,1.47,-11.04,-150.0772121119661,-0.4927452222969898,-29.843545089972302
6.13,2.16,-12.64,-153.4604028099656,0.0458366248327759,-26.42932380663794
4.74,-0.43,-11.83,-161.21954183361512,-0.2750200056824314,-18.72729753587516
3.44,-1.2,-12.66,-173.93567700467025,0.5271230305187238,-6.007348957796251
1.78,3.4,-10.92,-174.38562149779358,1.5470330404085568,5.215716631990905
-2.48,1.94,-1.27,-159.15467994543425,-0.4354489722842399,20.54151049721856
-3.99,-7.74,-4.51,-152.67309729035,-2.2575997541901875,26.05280141790223
-4.84,0.45,-7.11,-151.43912137388486,-1.3407518310456548,27.761276718209416
-4.76,-0.3,-8.37,-150.7504119288671,-0.4354489722842399,28.60011675110229
-4.63,-1.53,-8.75,-150.479330837061,-0.1145915781247664,28.86035473550121
-4.85,-0.04,-7.7,-150.65977940351806,0.4010712754482724,28.88402025523559
-4.47,-0.46,-9.48,-151.1157235364922,0.4354489722842399,28.422768181257144
-4.44,-0.67,-8.86,-151.1157235364922,0.0229183119580216,28.36366745712689
-4.63,-1.24,-7.74,-151.48561418277666,-0.1948057441759901,27.961985822582488
