acc_x,acc_y,acc_z,eul_x,eul_y,eul_z
-2.33,-0.07,-9.67,-153.1625065187994,-22.25582556887037,14.858287755594215
-2.43,-0.45,-9.35,-153.06392657993817,-22.232468575814032,14.962299399917931
-2.49,-0.58,-9.19,-153.1625065187994,-22.19743483976268,14.962299399917931
-2.35,-0.51,-9.46,-153.1625065187994,-22.174080183171977,14.916070477056888
-2.45,-0.38,-9.37,-153.21193002249612,-22.162403204703928,14.858287755594215
-2.35,-0.19,-9.73,-153.3110465719337,-22.05732086897936,14.823619947246296
-2.37,-0.43,-9.6,-153.3110465719337,-22.05732086897936,14.823619947246296
-2.13,-0.46,-10.19,-153.3110465719337,-21.987276416568136,14.916070477056888
-2.62,-0.2,-9.17,-153.06392657993817,-22.01062364188304,15.35534492966006
-2.45,-0.78,-9.16,-152.81901206638815,-22.232468575814032,15.413160961410524
-2.39,-0.99,-8.92,-153.01476916887478,-22.22079043012782,15.077882439571027
-2.01,-3.36,-8.11,-155.214797761141,-20.751169149926103,13.322613734970494
-1.41,0.3,-5.65,-159.2817477883131,-17.868391355752113,9.22311622194562
1.09,3.03,-9.51,-163.22171672296716,-13.691869135619404,-0.7333909844413455
2.74,5.18,-13.85,-161.86255690793462,-11.605033754368794,-7.602997386301143
1.99,2.37,-10.81,-160.87156803103974,-10.465291924669184,-10.764512919793646
2.04,2.18,-9.72,-160.66576217664587,-9.844059122531188,-11.593515641253695
2.62,2.91,-10.71,-160.12726585571855,-9.165635515674056,-12.469235993000286
1.77,2.93,-11.01,-161.5740259283265,-8.889760035755181,-10.52282880334764
1.79,1.17,-10.96,-163.45901362866948,-9.154139652218912,-7.3733240323499585
1.09,0.55,-10.34,-165.6781993872616,-8.809306149715168,-1.1344749665222489
-0.74,5.25,-8.96,-164.87335484809628,-7.982025743589274,4.045922594423996
-1.64,1.48,-6.98,-162.8334582675195,-8.774827247055486,10.4537848668845
-2.7,-0.45,-7.07,-161.64573705685663,-9.154139652218912,12.67674864442774
-2.69,2.19,-8.31,-161.28990608516978,-8.292204739238791,13.022696190101502
-2.25,2.38,-9.61,-161.4314273445042,-7.890132207309978,12.826644816909525
-2.23,1.65,-9.32,-161.4314273445042,-7.913105112625812,12.907367253850758
-2.34,1.85,-8.95,-161.4314273445042,-7.936078336486531,12.88430304585338
-2.12,1.47,-9.5,-161.64573705685663,-8.073924421552888,12.572987144073346
-2.12,1.54,-9.76,-161.64573705685663,-8.188805090876484,12.526874248925028
-2.32,1.64,-8.91,-161.5740259283265,-8.246248510013665,12.596044357776794
