acc_x,acc_y,acc_z,eul_x,eul_y,eul_z
-3.57,2.54,-8.88,-148.73080219796103,-16.998909587512788,18.49505809550988
-3.55,2.97,-8.8,-148.73080219796103,-17.056843809922572,18.47183838189436
-3.5,2.08,-8.74,-148.85861645005238,-17.253853117357277,18.42540124877966
-3.49,2.54,-9.06,-148.90133503664836,-17.161136490218524,18.42540124877966
-3.4,2.36,-9.04,-148.85861645005238,-17.161136490218524,18.437010245615284
-3.57,2.54,-8.69,-148.7733502639536,-17.056843809922572,18.49505809550988
-3.6,2.52,-8.75,-148.6458749656724,-17.02208275037734,18.587944621042265
-3.52,2.23,-8.79,-148.68831050830863,-17.010496081346126,18.587944621042265
-3.58,2.26,-8.67,-148.60349534227024,-16.917809025605248,18.69245669557365
-3.61,2.9,-8.72,-148.4345315385202,-16.767216307875252,18.88991127772655
-3.91,4.58,-8.47,-148.30838490049834,-16.998909587512788,19.145524872704485
-3.74,3.39,-8.47,-148.22455825803132,-18.76214012304259,19.796614956633128
-3.88,1.18,-7.56,-148.0992206918234,-20.879328419459103,20.134039115213792
-3.36,-1.51,-8.13,-148.2664446111409,-23.71754026504909,18.959614614971
-2.75,0.02,-9.64,-148.85861645005238,-24.78412249918103,17.184314583414665
-2.45,-0.64,-9.41,-149.94434113378782,-25.21840683143225,14.858287755594215
-2.8,-1.41,-9.1,-151.1157235364922,-24.713732248446583,13.138038375794716
-1.44,2.65,-10.02,-153.1625065187994,-22.86343926833653,9.142643881088318
-0.46,1.21,-9.05,-154.58200075536982,-20.29699650405997,5.961449757231112
-0.68,3.27,-11.69,-154.63414056108866,-18.019205613951,4.321125783265932
-1.15,3.14,-9.09,-153.61058909469406,-14.46546520944767,3.942727502383202
-1.15,5.67,-8.83,-152.23986727877062,-12.480763390340035,4.321125783265932
-1.33,3.64,-9.46,-152.1444912618588,-11.2019689418816,5.605762844556931
-1.69,4.33,-8.51,-151.3927025567389,-10.350226089325556,6.546738821065048
-1.95,4.45,-8.55,-150.7504119288671,-9.706047414595153,7.557060298129735
-1.77,4.43,-8.58,-150.65977940351806,-9.729048380447908,8.119875707408232
-1.97,3.42,-8.51,-150.84131999821054,-9.993587967554063,8.855279263547427
-2.06,3.99,-8.55,-150.56941987552764,-9.91307033213892,9.108157120464725
-1.84,4.21,-9.38,-150.56941987552764,-9.959079806154524,9.108157120464725
-2.05,4.39,-8.34,-150.56941987552764,-10.22366575133618,9.51055493545105
-2.12,3.98,-8.6,-150.9325061978301,-10.925662281710132,9.729048380447908
-2.0,3.02,-9.04,-151.3927025567389,-11.455307417011952,9.683046840720888
