acc_x,acc_y,acc_z,eul_x,eul_y,eul_z
-4.56,-0.75,-8.57,-145.7248595525418,-19.57563811342796,27.855717200127582
-4.45,-1.14,-8.72,-145.6083860120317,-19.55238168351347,27.99741414521811
-4.62,-1.07,-8.31,-145.49229376528544,-19.470990576087328,28.18641141984425
-4.62,-1.13,-8.45,-145.41510886588998,-19.447737797457524,28.28093937794029
-4.5,-1.04,-8.58,-145.49229376528544,-19.4826172689267,28.21004157144473
-4.22,-1.56,-8.8,-145.6083860120317,-19.36635943259494,28.115528300006986
-4.75,-0.83,-8.65,-145.64716796815563,-18.796984460560505,28.48187662578674
-4.71,-0.36,-8.47,-145.8027223342799,-18.587944621042265,28.446410631570988
-4.54,-0.68,-8.7,-145.91984007134727,-18.634392500869453,28.26912231018425
-4.67,-0.94,-8.47,-145.76376947074462,-18.76214012304259,28.36366745712689
-4.7,-0.58,-8.39,-145.8027223342799,-18.773754707559725,28.31639242391693
-4.62,-0.89,-8.24,-146.0373496598969,-18.878294741272413,27.985604401100783
-5.09,-1.64,-6.97,-146.9114591288739,-18.796984460560505,26.994654003838164
-4.27,-1.71,-5.86,-151.81316645370248,-18.1816561801528,21.298944377524897
-0.96,0.67,-7.8,-158.22503424547796,-17.219083051744406,12.838176201349
1.43,3.04,-9.75,-162.98770609304592,-15.887402736014533,-0.5156637559929028
2.82,1.98,-12.67,-161.28990608516978,-15.29753283007483,-8.384121213370948
2.69,1.35,-11.99,-158.77799072087697,-14.534774284595128,-13.807290567361374
2.23,1.43,-8.59,-157.6856148741907,-14.419262116395176,-15.366907820940328
2.64,1.78,-9.05,-156.64365853086989,-14.130545861300051,-16.906223928806188
3.03,2.24,-10.15,-155.3754969883622,-13.78420515869276,-18.657617598655087
3.15,1.87,-9.96,-155.16145880106285,-13.761120312162008,-18.947996901150283
2.88,1.76,-9.22,-155.70003388404493,-13.899637842978937,-18.216471799125177
2.69,1.6,-8.96,-156.02889725740351,-14.01508470303339,-17.729205890532434
2.75,1.58,-9.32,-156.0841409493743,-14.118999098561428,-17.508882729880764
2.71,1.7,-9.32,-156.19500732541923,-14.038175786909196,-17.358172932119437
2.73,1.79,-9.65,-156.47442582901172,-13.957359493385503,-16.97573712493423
2.43,1.99,-9.24,-156.75715530060586,-13.968904250085991,-16.5471716366683
2.54,1.5,-9.2,-156.87120131517742,-14.107452479907948,-16.338764939656073
2.53,1.85,-9.41,-156.98580474112185,-14.095906005217,-16.24615724549883
2.46,1.7,-9.39,-157.1587733939545,-14.130545861300051,-15.968397992715149
