acc_x,acc_y,acc_z,eul_x,eul_y,eul_z
-2.77,-0.86,-9.27,-156.41828103776766,-16.801965875210325,16.234582036054892
-2.69,-0.52,-9.47,-156.47442582901172,-16.825133117850115,16.15356023236983
-2.68,-0.94,-9.53,-156.47442582901172,-16.871469682269606,16.095692494623034
-2.71,-0.7,-9.52,-156.41828103776766,-16.929394296591493,16.095692494623034
-2.56,-0.66,-9.76,-156.64365853086989,-16.720885966499374,16.003112701402525
-2.59,-0.6,-9.72,-156.70033876277134,-16.720885966499374,15.922114008308863
-2.61,-0.88,-9.58,-156.75715530060586,-16.686140017359815,15.922114008308863
-2.64,-0.56,-9.5,-156.75715530060586,-16.674558377811383,15.922114008308863
-2.67,-0.65,-9.63,-156.70033876277134,-16.674558377811383,15.968397992715149
-2.68,-0.61,-9.63,-156.64365853086989,-16.63981448789728,16.10726571114575
-2.82,-0.73,-9.09,-156.5307030363511,-16.63981448789728,16.257732621833743
-2.75,-0.71,-9.14,-156.58711361479934,-16.720885966499374,16.10726571114575
-2.74,-4.4,-5.71,-157.80436691060555,-16.234582036054892,14.881400387429183
-1.03,1.37,-0.99,-165.58656489485412,-13.103434321670449,5.364844561963229
5.29,5.34,-13.1,-165.58656489485412,-10.914150898036931,-8.395611151395807
5.33,-0.9,-14.59,-156.87120131517742,-10.64941932234672,-20.4017767128752
4.72,1.75,-12.34,-153.36074062083046,-9.441564242690683,-24.66681067830264
4.62,0.78,-9.4,-153.06392657993817,-9.22311622194562,-25.10099664997855
4.43,-0.11,-9.38,-153.11317220133924,-8.901253805563371,-25.112736460930662
4.36,-1.95,-9.19,-153.61058909469406,-8.062436803571838,-24.831054609816945
4.01,-1.55,-8.78,-153.91350924378722,-5.181303758795194,-25.00708778933191
5.32,1.23,-11.75,-153.11317220133924,-2.1659094260652934,-25.93519704664329
4.67,1.17,-7.58,-152.67309729035,1.8908465277120163,-25.89992116016652
4.51,3.62,-8.55,-152.1444912618588,4.447268815934101,-25.74708778893412
3.91,3.65,-8.02,-152.00202441389632,6.569694717687418,-25.14795750167836
3.72,3.29,-7.97,-151.2538864729402,7.017388604693049,-25.547298987438325
3.99,2.69,-8.32,-150.43438697810743,6.741872419794731,-26.54704645350268
4.4,2.08,-9.05,-150.12163073433226,6.386054856968827,-27.06536707365856
4.46,1.41,-8.92,-150.34469905459454,6.11062569758793,-26.923951406436
4.66,1.49,-8.92,-150.9325061978301,5.915551513947968,-26.405782688920823
4.45,1.55,-8.92,-151.48561418277666,5.720494487173099,-25.9116795113663
