acc_x,acc_y,acc_z,eul_x,eul_y,eul_z
-2.53,-2.63,-9.86,-139.5691405181039,-32.48460118565665,20.82107094211026
-2.7,-1.96,-9.32,-139.70199765652578,-32.3294697942308,20.9608980601766
-2.66,-2.89,-9.29,-139.80191665328087,-32.24596273355917,21.007514103633174
-2.62,-3.06,-9.44,-140.1367137765361,-31.85252256097231,21.20567161915569
-3.02,-1.68,-9.06,-140.50813431460048,-31.459467480314125,21.473869337236096
-3.13,-1.92,-8.68,-140.6780748758918,-31.26903222594612,21.50886039245492
-2.84,-2.39,-9.41,-140.8829393690889,-31.20953939428692,21.21732993545333
-2.94,-2.64,-9.04,-141.08884000838947,-31.06679175207397,20.984205642908503
-2.77,-1.77,-9.22,-141.29579335128196,-30.99543647635929,20.669626923426364
-2.78,-1.96,-8.62,-141.29579335128196,-31.20953939428692,20.087487431641744
-2.75,-1.84,-7.47,-141.02009032147248,-32.114772865183184,18.320928845487863
-2.01,-4.27,-4.94,-141.9231418994875,-32.580097056893266,14.315313760812993
0.96,-4.77,-5.97,-145.76376947074462,-31.06679175207397,3.1287382797377283
5.04,-1.77,-11.71,-149.46197984083236,-27.737669605365127,-6.133576755953128
4.66,-0.39,-11.68,-152.43158968261443,-22.162403204703928,-14.765843296845908
4.0,1.22,-11.31,-153.11317220133924,-17.949595138790567,-19.4826172689267
5.35,-1.68,-13.13,-154.0662728728033,-12.849707716341904,-22.314222150985408
4.72,2.79,-12.26,-157.80436691060555,-8.453062112264227,-20.48328434708745
3.18,4.12,-11.18,-165.58656489485412,-5.146891353190199,-13.299539926123945
2.37,6.04,-14.11,-173.1234747164887,-6.3975318623814825,-2.6358382855186164
1.22,1.61,-4.51,-164.78654130633294,-10.868106466869214,8.476043091817116
-2.03,-6.4,-2.04,-151.9074399210319,-15.898972996932857,18.72729753587516
-3.89,-1.32,-6.75,-149.0298356031949,-16.720885966499374,22.25582556887037
-3.62,-3.19,-7.81,-146.35265556905202,-17.439320584956548,24.8662564695287
-3.79,-4.76,-7.13,-145.108024588444,-17.90319186690899,25.735333308776628
-3.47,-3.4,-9.08,-145.37657897397716,-17.798795314151782,25.65305965168436
-3.65,-2.75,-8.74,-145.64716796815563,-17.532071555357696,25.700071520307283
-3.74,-2.09,-8.64,-146.0373496598969,-17.36976491594495,25.488552629562964
-3.65,-2.9,-8.83,-146.07660730478975,-17.54366623938741,25.18318095723705
-3.43,-3.32,-8.98,-146.07660730478975,-17.613238149656624,25.018825462277388
-3.68,-2.87,-8.56,-146.35265556905202,-17.485694626999518,25.0892571067724
