acc_x,acc_y,acc_z,eul_x,eul_y,eul_z
-2.17,1.0,-9.42,-158.77799072087697,-16.917809025605248,11.916067673936476
-2.08,0.58,-9.41,-158.84031180775503,-17.219083051744406,11.593515641253695
-1.82,0.2,-9.66,-158.965501581421,-17.578451378167774,10.960197096754332
-1.65,0.32,-9.94,-159.0283735374385,-17.77559810564146,10.557352206642197
-1.62,0.01,-9.77,-159.0283735374385,-17.996001378555594,10.350226089325556
-1.67,0.36,-9.82,-159.0283735374385,-18.05401336431272,10.22366575133618
-1.75,0.29,-9.37,-159.0283735374385,-18.12363390787068,10.039600263356236
-1.73,0.47,-9.25,-159.15467994543425,-18.239683153744327,9.614047461503418
-2.18,-0.73,-7.83,-159.9290177639615,-18.344143604670894,7.855673444559318
-0.2,-2.64,-5.81,-162.68057392822612,-16.83671699887327,1.1573944243672372
2.37,2.15,-9.69,-162.60463181843892,-13.807290567361374,-6.2024314124588535
4.66,3.66,-14.93,-158.4690600176697,-9.798053639345571,-13.888093938659914
3.25,4.53,-11.34,-158.28578665640208,-6.89110540785609,-13.437990937987554
2.03,4.9,-9.59,-159.53822461146382,-4.298191253728037,-9.23461264182475
1.09,3.74,-10.05,-160.80272323312002,-3.4497269749928665,-5.823757869537403
0.53,5.0,-11.97,-162.22975145954382,-3.4267983429423063,0.4583674584234223
-0.47,3.89,-5.81,-163.86220596785728,-6.868145731332586,8.108387763620353
-1.4,-0.95,-9.46,-162.52901727888843,-9.418568108565768,11.858462221253813
-3.06,0.35,-6.9,-159.60284227959588,-10.235170717586842,15.841123321226055
-3.01,1.43,-8.74,-158.3467074683401,-10.925662281710132,17.230672895970507
-3.12,-0.2,-8.64,-157.80436691060555,-11.881504040605064,17.81039419409229
-2.93,-0.2,-9.07,-157.80436691060555,-11.858462221253813,17.763999776816537
-2.91,1.66,-9.94,-157.863978815261,-11.144399719947115,17.752401631441728
-3.14,0.3,-8.81,-157.80436691060555,-11.086833319532731,17.856791554733764
-3.12,1.4,-8.87,-157.98368078519854,-10.925662281710132,17.566856150665245
-2.85,0.82,-9.77,-158.3467074683401,-10.925662281710132,17.126370676427072
-2.96,0.88,-9.09,-158.3467074683401,-10.902639624835572,17.068431181009654
-2.89,1.02,-9.15,-158.5304946671076,-10.787532942523711,16.871469682269606
-2.76,1.21,-9.7,-158.71585002764485,-10.660928195342471,16.466118077182387
-2.85,1.36,-9.54,-158.84031180775503,-10.741493332748478,16.338764939656073
-2.85,0.65,-9.07,-158.71585002764485,-10.98322086133136,16.30403579859025
