acc_x,acc_y,acc_z,eul_x,eul_y,eul_z
-4.58,-0.92,-9.08,-145.06982302382067,-17.358172932119437,29.985877446985693
-4.65,-1.32,-8.77,-144.9554604078314,-17.439320584956548,30.021467926252928
-4.66,-1.32,-8.47,-144.9554604078314,-17.450913825320047,30.00960410399809
-4.68,-1.31,-8.51,-145.03166189361892,-17.474100846214462,29.92656655764556
-4.78,-1.23,-8.41,-144.99354106549774,-17.450913825320047,29.99774061096053
-4.79,-1.03,-8.35,-144.9554604078314,-17.462507245696994,30.021467926252928
-4.71,-1.26,-8.63,-145.03166189361892,-17.485694626999518,29.9147053648035
-4.79,-1.4,-8.27,-144.87941908090357,-17.555261104447528,30.021467926252928
-4.67,-1.31,-8.42,-144.99354106549774,-17.555261104447528,29.902844499943303
-4.7,-1.3,-8.35,-145.29964361056955,-17.532071555357696,29.547170301814948
-5.07,-2.13,-6.99,-146.79094642726758,-17.3929494210965,27.985604401100783
-4.14,-2.11,-5.65,-152.62462859250311,-16.373495591769153,21.76552371074204
-1.39,0.44,-8.17,-159.15467994543425,-15.054764601110485,14.24602144035678
-0.72,1.08,-7.79,-165.49550626988113,-13.403376345459217,3.266301709643329
3.25,2.18,-10.19,-165.13681976050609,-12.319391311580372,-5.812283928177061
4.66,3.14,-15.52,-160.87156803103974,-10.64941932234672,-14.095906005217
2.72,2.28,-10.39,-160.59764077497127,-10.545844298925708,-14.442363367873067
2.58,1.1,-9.9,-160.66576217664587,-10.419264327291232,-14.511670666824136
2.49,1.39,-9.78,-160.80272323312002,-10.304202691653051,-14.338412369029564
2.24,1.67,-9.56,-161.07959134463854,-10.235170717586842,-13.968904250085991
2.35,1.75,-9.99,-161.86255690793462,-10.097117916179354,-12.965030073382623
1.7,1.92,-9.31,-162.52901727888843,-10.37323841550224,-11.858462221253813
1.37,0.47,-8.14,-162.98770609304592,-10.64941932234672,-11.3631779010396
2.22,1.98,-10.43,-162.60463181843892,-10.476799088278916,-11.754779974813852
2.01,1.79,-10.1,-162.98770609304592,-10.637910557080565,-11.155913338134187
1.49,1.0,-8.54,-163.37954086931006,-10.822063795614437,-10.52282880334764
