acc_x,acc_y,acc_z,eul_x,eul_y,eul_z
-2.74,-0.52,-9.28,-154.01525359440282,-19.796614956633128,16.674558377811383
-2.64,-0.35,-9.57,-154.1686085419062,-19.71519382901285,16.55875139620892
-2.7,-0.34,-9.48,-154.11739099299157,-19.71519382901285,16.570331326030242
-2.77,-0.31,-9.45,-154.0662728728033,-19.71519382901285,16.651395613206027
-2.68,-0.37,-9.44,-154.0662728728033,-19.71519382901285,16.66297690980209
-2.79,-0.37,-9.29,-154.01525359440282,-19.71519382901285,16.720885966499374
-2.73,-0.44,-9.49,-154.01525359440282,-19.71519382901285,16.778799324271787
-2.71,-0.29,-9.45,-154.01525359440282,-19.69193249784897,16.79038251334145
-2.74,-0.28,-9.44,-153.8627830260387,-19.912948378447748,16.767216307875252
-2.82,-0.72,-9.18,-153.71118144535646,-20.06421284632945,16.825133117850115
-2.79,-0.24,-9.38,-153.71118144535646,-20.087487431641744,16.801965875210325
-2.83,-0.41,-9.0,-153.66083809692267,-20.227152563579647,16.686140017359815
-2.72,-0.3,-8.63,-153.61058909469406,-20.599742008899195,16.29245975343786
-2.56,-1.51,-7.52,-154.11739099299157,-21.497196482057948,14.130545861300051
-0.93,-2.92,-7.65,-156.19500732541923,-21.637178319468845,9.591048446078224
0.48,-0.4,-8.74,-159.66766312617878,-20.25043303206116,1.4782721132478738
2.17,0.73,-12.93,-161.4314273445042,-17.508882729880764,-5.353372863141336
2.02,1.52,-11.44,-162.45372607444324,-15.343782195666376,-7.166643396943946
1.93,1.36,-10.27,-163.86220596785728,-12.722868211864098,-7.534092210574165
1.74,2.15,-11.13,-164.61437509688025,-11.2825706212041,-7.155161830094744
1.73,0.33,-12.16,-166.62885834304856,-8.935735653853008,-4.355527902560735
0.48,4.02,-9.58,-166.82718037176227,-6.48935022815341,-0.3896120513439707
-0.65,6.05,-9.34,-165.86324083896642,-5.743441500733661,5.491036825631306
-0.89,2.62,-8.74,-163.14335483645726,-8.522006076442151,12.688278342697654
-2.67,-1.21,-6.04,-160.12726585571855,-10.246675787285364,16.419805484293857
-3.18,0.03,-7.51,-158.4690600176697,-10.948685380949463,18.15844670797989
-2.53,-0.07,-10.36,-158.28578665640208,-11.063807546045703,18.286108128329392
-3.17,0.11,-8.73,-157.6264722380801,-11.2019689418816,19.06418290551579
-3.02,0.37,-8.87,-157.6856148741907,-11.19045487105573,18.959614614971
-2.65,-0.13,-10.14,-158.28578665640208,-10.9717089235085,18.47183838189436
-2.92,0.09,-9.29,-158.1040290229696,-10.8450849117299,18.68084346973021
-3.1,0.78,-8.72,-157.98368078519854,-10.637910557080565,18.88991127772655
