acc_x,acc_y,acc_z,eul_x,eul_y,eul_z
-3.22,0.91,-8.83,-152.52794284369597,-20.21551264575777,17.49728858817925
-3.11,0.17,-9.17,-152.3835367338065,-20.48328434708745,17.439320584956548
-2.92,0.17,-9.68,-152.3835367338065,-20.51821939470501,17.450913825320047
-3.18,0.29,-9.14,-152.28767595523587,-20.506574164810864,17.636430239406273
-2.98,0.15,-9.42,-152.33556563307292,-20.49492914898236,17.555261104447528
-3.02,0.0,-9.36,-152.47972490837182,-20.36684806544824,17.485694626999518
-3.11,0.6,-9.45,-152.47972490837182,-20.168955080859902,17.54366623938741
-3.2,0.6,-9.02,-152.52794284369597,-20.18059415638896,17.520477052231193
-2.99,0.11,-9.4,-152.47972490837182,-20.25043303206116,17.508882729880764
-3.11,0.46,-9.41,-152.33556563307292,-20.285355318851703,17.717608294742977
-3.23,0.12,-8.86,-152.09692309623645,-20.36684806544824,18.03080801097451
-3.48,-2.47,-5.42,-152.3835367338065,-20.36684806544824,17.648026557290144
-2.22,-2.17,0.83,-158.71585002764485,-18.35575126897081,6.833706733841952
5.98,10.05,-9.9,-156.02889725740351,-15.887402736014533,-10.407757691617306
7.01,4.03,-17.92,-147.6025936178383,-15.979969398223384,-25.06577882303193
5.86,1.51,-12.29,-146.7508698708792,-17.161136490218524,-26.71190613338563
4.98,4.74,-11.91,-150.34469905459454,-16.720885966499374,-22.033971792326973
2.0,3.19,-9.44,-157.56748354792904,-18.25128911402984,-10.338720083250598
1.11,-3.16,-8.5,-159.15467994543425,-20.343563363128432,-1.936689544653667
0.25,-5.42,-8.86,-158.84031180775503,-19.85477908376032,6.604129057804274
-1.36,-2.33,-6.85,-159.0283735374385,-16.15356023236983,11.029269725697889
-2.35,4.59,-7.25,-157.1587733939545,-9.349581983346614,13.634163660769715
-2.88,4.88,-7.45,-155.32181611488016,-5.97292446733722,14.211377245158012
-2.38,5.1,-8.79,-154.01525359440282,-3.5987664920103746,13.541842119876778
-2.13,4.91,-10.13,-153.36074062083046,-2.589989743099662,12.988096123558291
-2.52,3.94,-8.12,-152.81901206638815,-2.3034454566839293,13.576461659580188
-2.59,4.17,-8.08,-152.52794284369597,-2.223215714892369,13.79574779269871
-2.13,4.21,-10.33,-152.7702885732456,-2.4295230620087382,13.507223821905177
-2.63,2.68,-8.03,-152.72165046658662,-2.8994758203914888,14.280666944469896
-2.64,3.81,-8.55,-152.57624392499284,-2.991179359701173,14.58098330322708
-2.58,3.55,-9.12,-152.7702885732456,-3.15166519950434,14.361511562916563
