acc_x,acc_y,acc_z,eul_x,eul_y,eul_z
-3.75,3.59,-7.87,-127.6108060653337,41.37858245579029,27.77308072525798
-3.61,3.7,-8.28,-127.71474062830828,41.34183738204944,27.631452438914533
-3.55,3.97,-8.6,-127.6627493662712,41.35408524581363,27.631452438914533
-3.66,3.64,-8.46,-127.76677999527551,41.31734313597096,27.52525947842401
-3.6,3.43,-8.45,-127.7407542896587,41.31734313597096,27.52525947842401
-3.65,3.67,-7.95,-127.7407542896587,41.32959001216843,27.50166431915293
-3.46,3.71,-8.58,-127.87100362286014,41.29285086382844,27.27756943376897
-3.34,3.69,-8.61,-128.0277034878583,41.14593859433644,27.20682475697043
-3.58,4.0,-8.27,-127.94929869917112,41.13369909947952,27.32473843802689
-3.57,3.28,-8.0,-128.05386288415187,41.0847460230468,27.26577791911556
-3.65,3.68,-7.87,-128.0800345447506,41.13369909947952,27.20682475697043
-4.43,0.04,-4.59,-128.57965137649458,41.32959001216843,26.20572887768385
-4.24,-0.01,0.3,-128.97730409708814,43.66568603094216,17.508882729880764
4.4,9.35,-1.89,-126.17530318519164,42.96290285030923,5.0780679322633615
10.73,6.77,-7.16,-119.26487102928002,38.47686069075838,-17.439320584956548
12.31,0.77,-14.17,-112.77489865498625,32.54428338361999,-36.23901092380315
8.69,8.5,-6.03,-108.28962313901592,33.23726531919248,-38.07658496090942
7.91,4.2,-4.68,-107.7630780368658,33.96744372977673,-38.18570299849585
8.08,5.59,-5.75,-107.18188929674672,34.32706780881908,-38.24633966792924
7.85,5.0,-5.8,-107.53011997485687,34.687040804634904,-37.604152605861614
7.21,4.89,-5.09,-108.17232459490296,34.85514889719688,-36.93902480540506
7.14,4.94,-5.23,-108.54434186923864,34.86715957624261,-36.70955398535576
7.11,4.51,-5.34,-108.66217014935285,34.747070547478,-36.769926221818416
6.79,5.41,-5.23,-109.07590597018144,34.843138613311,-36.07025258875129
6.75,4.24,-4.88,-109.98960304245053,34.56701075551299,-35.877484931095594
6.88,4.84,-5.36,-110.77248545181584,34.375043949019776,-35.75705847207751
6.96,3.75,-5.32,-111.60396041024364,34.015373611081245,-35.72093850046969
6.88,4.75,-5.44,-111.52245118481588,34.07529458830543,-35.46820114810156
7.0,4.67,-5.59,-111.58357510903522,34.14721243955784,-35.37196719600466
