acc_x,acc_y,acc_z,eul_x,eul_y,eul_z
9.51,7.4,-13.47,-131.76235907719015,20.52986483879688,-30.73390559555541
7.7,6.41,-11.7,-136.8073201749142,20.809420100088573,-25.65305965168436
5.18,3.48,-9.21,-148.35037934063973,20.355205608113067,-14.026630173419028
2.2,0.23,-8.25,-154.73873772257048,20.11076285425295,-5.410731896463338
0.0,-0.06,-7.7,-155.80916562137492,21.35724709777197,4.928956774809122
-2.22,-0.45,-5.59,-150.7504119288671,24.33847679675364,12.388547751922632
-2.39,-0.71,-3.31,-145.2612378633091,28.18641141984425,14.823619947246296
-2.53,5.63,0.03,-136.25033456727624,34.111251783016854,12.757459245108164
3.36,11.12,-3.02,-131.67829939723129,35.27575900730597,3.380941489627292
8.36,5.33,-11.47,-127.89708982203928,31.364238746739588,-16.43138337904295
7.7,6.48,-11.59,-123.38130576448056,29.20362846739611,-25.30060996520192
5.78,7.11,-5.32,-120.777980646449,30.757674330799205,-25.47680417585264
6.19,5.42,-6.53,-120.47718468766024,31.15005518797356,-25.9116795113663
5.89,5.63,-6.88,-120.01709840281568,30.94787313807167,-26.346934855604967
5.79,5.73,-6.89,-120.36186107562716,30.615082217040023,-26.59414349441812
5.42,4.61,-6.41,-120.96377821929032,30.318170931025325,-26.5117266696815
5.27,4.98,-6.2,-121.47748834883792,30.033332077879628,-26.41755310589251
5.16,5.58,-6.2,-121.92447762133864,29.78425385642316,-26.35870385587789
5.63,4.15,-6.67,-122.87593702038131,29.40498230512227,-26.19396354392425
5.08,5.64,-6.18,-123.0439366303148,29.653841828798463,-25.688318141008548
5.32,4.72,-6.31,-123.38130576448056,29.535319528051428,-25.512050354420897
5.45,4.85,-6.78,-123.502242338284,29.487919662093987,-25.512050354420897
5.17,4.49,-6.47,-123.6719537539127,29.511618949559608,-25.32409900412527
