acc_x,acc_y,acc_z,eul_x,eul_y,eul_z
-2.92,1.86,-8.89,-158.4690600176697,8.579461739762628,16.570331326030242
-2.83,1.71,-9.02,-158.3467074683401,8.717364176475899,16.605072138436235
-2.85,1.95,-9.17,-158.04377345766537,9.027691221695424,16.69772182857332
-2.98,2.74,-8.92,-157.80436691060555,9.188627520029687,16.686140017359815
-2.89,1.78,-9.22,-157.98368078519854,9.09666171745326,16.616652750638245
-2.88,1.86,-8.99,-157.863978815261,9.165635515674056,16.686140017359815
-2.91,2.15,-8.95,-157.6856148741907,9.395572354596672,16.686140017359815
-3.06,2.94,-9.15,-157.44996317553054,9.556550648732504,16.69772182857332
-2.92,1.8,-8.91,-157.6856148741907,9.441564242690683,16.674558377811383
-3.03,1.31,-8.39,-157.74491268375093,9.51055493545105,16.581911426258042
-3.23,-1.37,-6.55,-157.80436691060555,10.6148933492606,15.575066901599747
-2.55,-0.45,-4.82,-157.04331809093287,13.322613734970494,12.757459245108164
-0.43,-0.5,-3.8,-154.0662728728033,17.82199325799314,4.6536963885673295
2.62,-0.1,-2.52,-147.27558529764082,22.431032941974188,-3.300693295071686
6.94,5.37,-4.63,-133.6770461216721,29.310216034057568,-16.234582036054892
9.7,7.51,-7.31,-121.5009364289817,33.84764578735518,-28.978694933911964
13.04,11.09,-13.12,-114.4705595501544,34.61501807279963,-37.10820677500307
13.37,9.66,-14.95,-111.0351722213916,32.86672457746944,-42.286383276048326
11.18,5.18,-12.08,-114.810125415467,31.495183998739208,-39.558846745858816
8.91,1.17,-9.76,-124.18392994389636,31.173847836723343,-30.817102104618424
7.03,-1.2,-13.16,-131.14907903681728,34.24312448272413,-19.55238168351347
4.38,1.51,-7.73,-132.38305943270692,39.42492119409256,-9.844059122531188
3.28,4.25,-6.01,-128.73836728652063,46.38230826013582,1.8450038134157023
1.76,2.0,-5.79,-125.49571017669872,49.9724050156561,8.476043091817116
-0.84,7.09,-1.68,-119.94836140851372,54.039808077971365,15.979969398223384
-1.28,7.43,-3.51,-118.14091440496072,55.05832168724145,18.193261198253683
-1.61,4.57,-5.63,-119.01599598775483,54.36161866399844,17.856791554733764
-1.42,4.7,-8.23,-120.04002661398825,53.48736790080604,16.906223928806188
-1.36,4.31,-9.0,-120.8475925272034,52.7571233277472,16.419805484293857
-1.46,3.61,-8.87,-122.51745226375392,51.41792113681584,15.482545411826456
