acc_x,acc_y,acc_z,eul_x,eul_y,eul_z
-1.02,4.16,-8.67,-137.4975120486347,33.440616741828144,12.042810329741007
-0.89,4.21,-9.06,-137.5291383748013,33.428651899003285,12.00824269100582
-1.13,4.16,-8.73,-137.5291383748013,33.40472333858408,12.054333120262198
-0.99,4.13,-8.82,-137.5924585129037,33.380796277367786,11.973676148985312
-0.96,4.26,-8.95,-137.37123052660468,33.57225481905068,11.92758912667584
-1.02,4.26,-8.73,-137.37123052660468,33.58422417640036,11.962154211464537
-0.87,4.34,-9.05,-137.339715842895,33.58422417640036,11.869983070722633
-1.03,4.14,-8.65,-137.339715842895,33.58422417640036,11.89302513102135
-1.0,4.12,-8.74,-137.37123052660468,33.57225481905068,11.835420883076134
-0.85,4.24,-9.13,-137.4343266309111,33.488479867763736,11.766299745968876
-1.01,4.17,-8.63,-137.37123052660468,33.524381159227765,11.881504040605064
-1.02,3.98,-8.81,-137.40276743944383,33.548317235556404,11.812380025110386
-1.16,3.98,-8.23,-137.30822333899698,33.64407662582565,11.547444362906596
-0.74,4.37,-7.99,-137.1824741414482,33.488479867763736,10.062607019364435
-0.54,4.63,-6.73,-136.90081703525604,32.914516343671416,6.190955481383822
1.04,4.72,-7.57,-135.70001200168377,31.85252256097231,0.011459155921715
3.03,5.82,-10.52,-134.49971207203987,30.971654123503782,-4.412865642375664
3.49,4.56,-11.19,-134.1160248878201,30.74578979374247,-6.2024314124588535
2.14,5.76,-7.42,-133.7645266360233,31.06679175207397,-5.502509177758649
2.59,4.61,-8.77,-134.05726525899885,30.935983157745675,-5.961449757231112
2.4,4.78,-8.58,-133.91067619883825,31.019220197898694,-5.869654220523909
2.08,5.12,-8.07,-133.64792062272213,31.25713296863673,-5.318958088351593
2.03,5.07,-8.14,-133.6770461216721,31.304732073341743,-5.15836210329675
2.09,5.08,-8.08,-133.79372158966166,31.340435037267948,-5.0321866714644
2.14,4.94,-8.1,-133.88141126071122,31.29283177814012,-5.146891353190199
2.2,4.9,-8.21,-133.91067619883825,31.18574467782784,-5.353372863141336
2.21,4.96,-8.43,-133.91067619883825,31.15005518797356,-5.387788121139308
2.12,5.0,-7.9,-133.7645266360233,31.233335490801053,-5.341901218009245
2.25,5.12,-8.35,-133.73534909546763,31.19764186362961,-5.456620099259026
