acc_x,acc_y,acc_z,eul_x,eul_y,eul_z
-2.76,0.73,-9.29,-154.3228637180319,20.285355318851703,15.540370148995088
-2.7,0.2,-9.45,-154.3228637180319,20.29699650405997,15.52880488350912
-2.68,0.13,-9.49,-154.37448496866145,20.262073582983945,15.505674829864253
-2.82,0.3,-9.14,-154.3228637180319,20.27371434520358,15.575066901599747
-2.73,0.14,-9.35,-154.1686085419062,20.36684806544824,15.656031584502133
-2.68,0.4,-9.55,-154.0662728728033,20.506574164810864,15.702300646279072
-2.84,0.58,-9.26,-153.91350924378722,20.55315637010219,15.841123321226055
-2.81,0.34,-9.37,-153.91350924378722,20.611388956075047,15.806415466969176
-2.83,0.61,-9.43,-153.8627830260387,20.623036118505983,15.817984589415364
-2.78,0.34,-9.45,-153.91350924378722,20.588095276846204,15.852692930840096
-2.78,0.43,-9.26,-153.8627830260387,20.599742008899195,15.86426270309298
-2.88,0.27,-9.17,-153.8627830260387,20.56480245757989,15.910543420989349
-3.04,-0.57,-8.41,-153.91350924378722,20.82107094211026,15.470980940849389
-2.47,-4.4,-4.36,-153.06392657993817,23.015443848374385,13.564921674838883
0.15,3.57,-3.43,-147.0728095954594,28.16278249153404,5.628708719478254
3.54,7.35,-12.6,-140.40650617828152,30.52004779633356,-3.896864048753203
4.08,5.84,-12.7,-135.7304149229091,31.507090202315183,-9.25760576115156
3.85,5.65,-12.6,-135.12607315636853,33.09378799906577,-6.11062569758793
4.1,1.46,-12.75,-135.94379329724794,34.96325925488904,1.0886361860699356
0.19,5.59,-5.92,-130.92785324394194,38.88977704125324,15.112560354905924
-2.74,3.78,-3.91,-127.87100362286014,40.53456083395825,21.07744476440248
-2.72,6.87,-5.97,-125.87228808096124,41.280605467484456,23.47170516617001
-2.4,5.07,-7.69,-125.92268154117136,41.25611615325416,23.694122645249475
-2.51,4.52,-7.39,-126.17530318519164,41.02356569436402,23.96348615709585
-2.41,4.13,-8.23,-126.658333240647,40.766741444761,23.600462193143148
-2.17,4.97,-9.58,-126.6838681332996,40.73006975326216,23.448298031292182
-2.6,5.11,-8.08,-126.76054091134182,40.57120935574602,23.96348615709585
-2.47,4.83,-7.78,-126.88855686312144,40.497916639737895,23.78779915841677
-2.36,4.74,-8.67,-127.04255474483055,40.43685258518578,23.331277218076693
-2.34,4.98,-8.09,-127.24853393391231,40.26593689865936,23.237678334824075
-2.45,4.72,-7.66,-127.24853393391231,40.22932427895751,23.40148673707778
