acc_x,acc_y,acc_z,eul_x,eul_y,eul_z
-4.2,3.41,-8.03,-138.94369485234358,24.174386077512,29.1681050221712
-4.39,3.55,-7.65,-138.87838831455554,24.127512270969643,29.274683969227155
-4.32,3.31,-7.84,-138.84577222800962,24.174386077512,29.262840587223423
-4.32,3.43,-8.05,-138.84577222800962,24.162667241251803,29.23915478171118
-4.18,3.49,-8.51,-138.87838831455554,24.162667241251803,29.1681050221712
-4.5,3.48,-7.66,-138.84577222800962,24.150948661500927,29.227312357898
-4.32,3.43,-7.99,-138.84577222800962,24.22126399043484,29.13258444192844
-4.33,3.7,-8.12,-138.87838831455554,24.25642512530879,29.02603985005446
-4.32,3.3,-7.81,-139.04184146178912,24.25642512530879,28.87218733809866
-4.42,3.24,-7.5,-139.23881312164076,24.279867169785643,28.56464145412097
-4.74,0.91,-5.1,-139.5691405181039,24.690270937756782,27.52525947842401
-4.31,4.55,-3.29,-139.80191665328087,25.488552629562964,23.12070182440919
-1.4,2.86,-3.97,-141.67799864882886,25.700071520307283,15.274409087771584
1.9,1.98,-5.13,-141.85294621850556,25.98223545272544,0.2750200056824314
6.05,7.63,-9.26,-133.99857662596108,25.52379962585345,-16.419805484293857
9.07,6.17,-12.75,-129.1371769317901,24.77239013171025,-25.21840683143225
8.71,6.75,-9.38,-127.17120439382435,25.31235434951457,-27.796689641349
6.37,4.89,-7.82,-127.68873899317936,25.5003013557049,-27.218614801739264
5.32,3.59,-8.39,-128.47409395200594,25.124476539770274,-26.71190613338563
5.64,1.08,-9.76,-129.05718198573572,25.277122006902648,-26.170433719349266
5.01,0.56,-8.38,-128.5268474503853,27.985604401100783,-23.46000147463535
4.46,-2.03,-7.6,-124.5030425986932,34.00339056621902,-19.936217546906203
4.67,4.61,-3.94,-117.98502779819528,41.19490148271794,-17.798795314151782
6.95,9.54,-5.84,-110.49056420469132,48.070674990989744,-17.92639313237552
6.98,8.56,-5.79,-107.627107150319,50.5039605862624,-18.13523798699121
5.03,6.46,-3.53,-105.36720117412769,52.80829290405338,-18.05401336431272
5.79,8.22,-4.55,-103.55241005030376,53.62856147141808,-19.145524872704485
7.22,6.57,-7.48,-102.77787481244587,52.47589269472505,-21.50886039245492
6.49,5.76,-5.89,-103.62652170690512,51.77429627625306,-21.88222532220053
6.41,5.84,-5.76,-104.25895173526337,51.0747783558906,-21.90556839778225
6.75,5.98,-6.57,-105.06527849471128,49.69442993487328,-21.83554192755703
