acc_x,acc_y,acc_z,eul_x,eul_y,eul_z
-2.8,3.18,-8.42,-148.14094650942238,20.669626923426364,18.76214012304259
-2.61,3.33,-8.9,-148.22455825803132,20.70457229377833,18.587944621042265
-2.56,3.18,-9.26,-148.3924281475188,20.63468349632429,18.44861943332721
-2.71,3.26,-8.87,-148.30838490049834,20.63468349632429,18.51827857520288
-2.71,3.59,-8.93,-148.4345315385202,20.599742008899195,18.402183827223173
-2.7,2.92,-8.83,-148.4345315385202,20.623036118505983,18.42540124877966
-2.65,3.19,-8.9,-148.4345315385202,20.52986483879688,18.460228812044047
-2.69,2.99,-8.81,-148.47668973247264,20.506574164810864,18.437010245615284
-2.71,3.01,-8.3,-148.56117141184754,20.4250635419962,18.25128911402984
-2.73,2.92,-8.29,-148.7733502639536,20.4134200209308,17.845191938186247
-3.09,2.65,-7.07,-149.46197984083236,20.378490735265764,16.5471716366683
-2.5,1.74,-3.07,-150.97820441576042,20.51821939470501,12.549930441445206
-0.6,0.8,-3.87,-151.16170585731885,20.56480245757989,2.6473004867786654
2.2,2.05,-6.05,-145.7248595525418,21.695513718287582,-9.085166406176857
4.64,-1.07,-6.02,-140.37268573421258,23.050527648721733,-17.450913825320047
7.03,-0.46,-5.94,-130.62518646665285,27.348324709600163,-27.23040514019141
11.16,4.73,-10.68,-122.3270942285192,31.340435037267948,-34.06330962524581
13.04,5.44,-14.28,-114.72508670230464,36.23901092380315,-38.57397055139104
12.84,6.4,-12.81,-112.21802358107666,40.40021990535207,-37.04777503969204
12.51,6.42,-13.02,-113.71219000408917,45.37440798509372,-30.21133398212997
9.15,6.29,-11.17,-119.15163191547693,47.64442766376834,-20.937591354374124
7.07,4.2,-9.66,-122.97188128580086,48.57304992918911,-13.426452603767608
4.74,6.82,-9.04,-125.92268154117136,49.505080460483725,-2.18883187578443
3.61,0.08,-7.6,-128.2110774660985,48.54790766181375,5.697547703194251
-0.46,1.81,-2.27,-126.5308282926202,48.69879864666847,16.13041264048083
-2.35,4.56,-2.68,-124.60157138168796,48.78685991006569,20.879328419459103
-3.2,3.93,-4.54,-123.91521633901591,47.94523502960248,24.22126399043484
-3.68,1.4,-5.23,-124.47843555677235,47.01886031964005,25.13621688663897
-3.5,3.64,-6.24,-124.65089633148648,46.83148044377096,24.76065802803315
-2.28,3.54,-9.61,-125.59589546247182,46.43217889831124,23.02713820533729
-2.63,3.11,-9.11,-126.02359896120804,46.2701332926198,22.372624603038307
