acc_x,acc_y,acc_z,eul_x,eul_y,eul_z
-3.18,4.27,-8.27,-134.0866361818657,32.067078184397204,24.87799095241944
-3.06,4.51,-8.47,-134.0866361818657,32.12669742786024,24.79585513058625
-3.19,4.34,-8.18,-134.0866361818657,32.114772865183184,24.79585513058625
-3.15,4.33,-8.05,-134.1748557862076,31.99554685526558,24.54952511022461
-3.05,4.24,-8.3,-134.38132917213414,31.86443930344973,24.232984111333423
-3.06,4.24,-8.25,-134.47008902668762,31.88827384989475,24.05720924110893
-2.91,4.71,-8.37,-134.35177886278396,31.959785992705623,24.02206117401117
-3.07,4.22,-8.13,-134.4108976122917,31.94786641552185,23.96348615709585
-3.08,4.14,-8.19,-134.49971207203987,31.90019165418321,23.79950985538602
-2.74,4.37,-9.02,-134.47008902668762,31.935947193238352,23.78779915841677
-3.06,4.57,-8.01,-134.14543141113884,32.055155405875595,24.26814601866472
-3.2,4.4,-7.87,-134.0866361818657,32.07900131942766,24.40881688456287
-3.24,4.12,-7.95,-134.26323636741046,32.09092481112806,24.11579445991055
-3.19,4.04,-7.47,-134.47008902668762,32.09092481112806,23.65899809735879
-3.73,3.07,-5.0,-134.73735728971755,32.23403459047365,22.267504416511223
-1.81,5.14,-4.58,-135.5180089054747,31.79294414962257,15.979969398223384
1.66,6.25,-8.17,-136.1888632044355,30.06892651053725,5.0321866714644
3.53,5.48,-15.01,-136.25033456727624,29.10890564472929,0.011459155921715
0.62,5.68,-6.55,-136.15815825603806,29.630134776789287,1.0542572154525014
1.38,4.83,-9.5,-136.46613430112782,29.42867708363529,0.687553479519944
1.17,4.84,-9.1,-136.46613430112782,29.36944254732168,0.6531754234266163
0.67,5.07,-7.84,-136.25033456727624,29.59457663056109,1.1803139285143014
0.65,5.34,-8.14,-136.03554234590246,29.72497078004789,1.3865917007687605
1.13,5.27,-8.83,-136.25033456727624,29.55902139879445,1.100095864564908
0.87,5.22,-8.11,-136.7450958533554,29.345750980318734,1.0771765184626354
0.89,4.45,-8.42,-137.24530467426428,29.0733898303354,0.93966131468631
0.91,4.92,-8.38,-137.27675296577294,29.10890564472929,1.1573944243672372
1.33,5.35,-9.39,-137.02578084639396,29.262840587223423,1.1917736982377245
0.61,5.19,-8.14,-136.99450746728783,29.40498230512227,1.9023072532875973
0.5,4.78,-7.97,-137.24530467426428,29.32206069578229,1.925228761643688
