acc_x,acc_y,acc_z,eul_x,eul_y,eul_z
8.65,3.24,-16.16,-134.97619058332575,24.20954412674289,-23.12070182440919
4.95,6.77,-6.9,-132.69628364910096,25.61780363221793,-22.466080778094224
5.86,3.93,-8.57,-132.32631788342704,25.89992116016652,-23.097309457161245
4.82,5.2,-7.39,-131.98719464152978,26.170433719349266,-22.69978760508081
4.79,4.1,-8.21,-132.01536875371886,26.00575632582789,-22.88682192770989
4.71,4.19,-7.72,-132.15647345628565,25.93519704664329,-22.898513619526447
4.54,4.49,-7.56,-132.63918862221735,25.67656503656709,-22.75822922439662
4.42,3.21,-7.53,-133.15540493778332,25.35933459116607,-22.769918267605057
4.39,4.14,-7.57,-133.12658560187518,25.45330808515709,-22.65303861752037
4.38,4.4,-7.58,-133.27085000109963,25.335843929176026,-22.66472550596455
4.42,4.19,-7.55,-133.6770461216721,24.93666734562011,-22.82836708787642
4.53,2.92,-7.92,-133.88141126071122,24.63162225772855,-23.272776070440536
4.69,4.17,-7.59,-133.61881240543406,24.67854067669555,-23.40148673707778
4.82,3.27,-8.5,-133.32867360141205,24.819321185763364,-23.47170516617001
8.73,2.0,-17.78,-134.6778353365212,25.60605217391993,-20.57644875978384
7.64,0.42,-12.02,-137.71937015042116,30.603201736078947,-5.97292446733722
0.14,6.0,-3.02,-134.97619058332575,34.57901199780452,4.6078223124450055
-1.19,5.84,-3.14,-131.90276546625157,36.914862771096224,10.660928195342471
-0.99,5.87,-6.23,-131.03834889093932,37.32584976988496,10.64941932234672
0.12,6.51,-9.0,-130.6800872399157,37.37423381555307,9.13114820216436
-0.34,5.29,-7.19,-130.9830718545965,37.12029440520261,9.09666171745326
-0.14,4.43,-7.89,-131.23228149999522,37.07194645139856,8.636919564056372
0.1,5.13,-8.48,-131.20453254720215,37.02360533619834,7.660420468145224
0.36,4.99,-9.29,-131.31561745343842,36.769926221818416,7.1781250358345785
0.37,4.49,-8.85,-131.56643317341502,36.64919229993541,7.040350098228411
0.34,5.14,-8.29,-131.48269259246572,36.673335709404434,7.086273935339353
0.2,5.37,-8.11,-131.45480922787246,36.54056778374004,6.730393436549607
0.35,5.15,-8.38,-131.62233589525562,36.35960237870008,6.168003805570946
0.71,4.82,-9.23,-131.90276546625157,36.14256765746203,6.007348957796251
0.26,4.61,-7.69,-131.98719464152978,36.10640826375515,6.4319632645356775
0.54,4.56,-8.49,-132.07176372350168,35.97385559965812,6.145052377433653
