acc_x,acc_y,acc_z,eul_x,eul_y,eul_z
-0.71,5.85,-7.69,-120.08590691104772,46.30751972941107,16.744050792597328
-0.64,6.22,-8.35,-120.04002661398825,46.2701332926198,16.778799324271787
-0.68,5.41,-8.07,-120.29276401197048,46.158005222618215,16.813549410004512
-0.72,5.74,-7.69,-120.29276401197048,46.158005222618215,16.848301053200124
-0.67,5.75,-8.09,-120.36186107562716,46.10818553492847,16.744050792597328
-0.7,6.11,-8.17,-120.47718468766024,46.03347327955085,16.651395613206027
-0.66,5.35,-8.11,-120.82438029207808,45.821900740364754,16.616652750638245
-0.66,5.41,-8.27,-120.87081305028902,45.77214298203665,16.674558377811383
-0.55,7.47,-8.81,-120.73161403507063,45.6975234377223,17.31180678552449
-0.22,9.46,-10.78,-122.7322966604894,43.75211129257185,18.42540124877966
-0.95,5.78,-7.88,-129.40467932878911,38.3555137295299,20.63468349632429
-2.51,4.11,-5.54,-133.91067619883825,34.07529458830543,21.672178876755066
-2.76,3.9,-6.01,-141.08884000838947,28.41094741939909,20.122400879873982
-3.15,2.94,-6.67,-146.07660730478975,24.88972570037191,18.146842253651585
-2.43,0.33,-7.99,-151.34635737161238,21.637178319468845,14.407711711634985
-1.61,1.3,-6.82,-154.52996593229264,20.285355318851703,8.843785851491393
-0.59,1.83,-7.7,-155.53723544431475,19.61052428537218,4.034456312516312
1.05,1.89,-8.41,-153.5103719816942,19.36635943259494,-3.5070491615651807
3.4,2.89,-8.76,-149.37507492345586,19.796614956633128,-9.637046865121436
4.26,3.24,-9.54,-141.26122730722247,21.637178319468845,-16.929394296591493
5.46,4.27,-10.83,-134.1748557862076,24.76065802803315,-20.471639758994087
5.91,5.56,-9.67,-125.3207938561998,30.603201736078947,-21.62551192117329
5.34,6.19,-7.3,-118.1186232350635,36.56470362370221,-19.889680039418103
4.89,6.65,-6.22,-114.5341088647508,39.75374814015767,-18.52988910265012
5.05,5.97,-6.96,-111.68555504305652,42.90133648918904,-16.674558377811383
4.74,7.32,-5.49,-110.24971070475245,44.91524480207666,-14.881400387429183
4.78,6.68,-6.21,-109.889785903268,45.84678304356361,-13.4841456448157
4.33,5.78,-5.34,-110.26975406580355,45.99612491286469,-12.711338126294772
4.29,6.21,-6.59,-110.71198928258144,45.88411078347371,-12.388547751922632
4.41,5.9,-6.56,-111.11617542436284,45.94633512532466,-11.754779974813852
4.34,5.66,-6.43,-111.3190497567916,45.971228872033386,-11.478340954533572
4.42,5.86,-6.43,-111.3190497567916,45.84678304356361,-11.743260322870698
4.87,5.7,-7.85,-111.54282050114551,45.62292436209528,-11.985198208002224
