acc_x,acc_y,acc_z,eul_x,eul_y,eul_z
-1.83,1.38,-9.51,-151.34635737161238,25.394572616004385,11.628070333672753
-1.79,1.43,-9.56,-151.2538864729402,25.45330808515709,11.754779974813852
-1.91,1.55,-9.24,-151.06981274894218,25.53554917014508,11.89302513102135
-1.86,1.98,-9.6,-151.1157235364922,25.52379962585345,11.835420883076134
-1.78,1.4,-9.67,-151.2538864729402,25.418065988790868,11.777819636455906
-1.89,1.57,-9.41,-151.2538864729402,25.28886585104528,11.985198208002224
-1.84,1.24,-9.52,-151.2538864729402,25.32409900412527,12.00824269100582
-1.92,1.68,-9.51,-151.2538864729402,25.277122006902648,12.146519858742266
-1.92,1.48,-9.55,-151.207760054273,25.241892093139462,12.388547751922632
-2.16,1.32,-8.91,-151.06981274894218,25.265378432632108,12.67674864442774
-2.08,1.21,-9.19,-151.1157235364922,25.335843929176026,12.446181578242712
-1.96,-0.64,-7.67,-150.97820441576042,25.94695623100749,10.868106466869214
-1.88,0.56,-3.73,-149.81204156148604,27.242195772473625,6.707435672786218
1.43,3.19,-5.3,-143.35423456188457,28.978694933911964,-4.642227799866185
5.97,9.49,-13.35,-134.7075870499225,28.16278249153404,-18.30932175034793
6.47,2.72,-11.85,-133.56064768554154,27.761276718209416,-21.38056975127936
5.14,5.34,-8.92,-133.3576107786115,29.037876869982465,-18.611168175342147
5.23,3.02,-12.12,-134.3222466489682,30.840875591725844,-14.361511562916563
4.9,4.62,-13.8,-135.27643200533063,34.54300944397086,-3.082884815106741
0.56,3.44,-3.58,-133.6770461216721,37.7615559445365,8.453062112264227
-2.3,6.59,-3.42,-130.40615307468192,39.82686703824351,16.894639006068054
-2.49,3.83,-4.7,-130.3788376016962,39.92438520696097,17.706010881893693
-1.0,5.28,-10.42,-130.4881841928668,39.86343282424955,16.59349169701811
-1.53,4.17,-8.22,-130.40615307468192,39.92438520696097,17.033669594732867
-1.6,4.38,-8.1,-130.24247093533856,39.9000028418168,17.172725448331995
-1.4,4.59,-8.66,-130.3788376016962,39.81467938235785,16.5471716366683
-1.17,4.73,-9.38,-130.40615307468192,39.76593345094053,16.269308165184984
-1.38,4.49,-8.86,-130.2152395796288,39.86343282424955,16.63981448789728
-1.48,4.49,-8.26,-130.0792914251156,39.92438520696097,16.720885966499374
-1.4,4.79,-8.41,-130.24247093533856,39.80249219587672,16.38507281218067
-1.13,4.22,-9.05,-130.35153620627273,39.71719501771099,16.327188391573927
-1.41,4.41,-7.9,-130.24247093533856,39.74156329781962,16.581911426258042
