acc_x,acc_y,acc_z,eul_x,eul_y,eul_z
-4.11,4.28,-7.73,-125.84710760989958,40.47348957852154,31.06679175207397
-3.86,4.06,-8.43,-125.99835325546628,40.40021990535207,30.888426648702456
-4.12,4.18,-8.05,-125.92268154117136,40.4124303196771,31.00732816596471
-4.13,3.79,-7.95,-125.97311846044452,40.32696746513329,31.078685498016352
-4.18,3.91,-8.05,-125.92268154117136,40.31476039756773,31.173847836723343
-4.28,3.53,-7.64,-125.79677910995709,40.33917501022326,31.376141122007805
-4.28,4.13,-7.73,-125.395694654213,40.5589927006499,31.757201337874307
-4.18,3.95,-7.84,-125.19616916396942,40.73006975326216,31.86443930344973
-4.5,4.04,-7.1,-124.9229107357918,40.88901194320904,32.07900131942766
-4.47,2.69,-6.73,-124.74966789127242,41.37858245579029,31.614261757826505
-4.5,2.36,-5.36,-124.1105266335135,42.38468953590336,30.95976345993856
-4.47,2.85,-3.96,-123.16421485435568,43.96211035016289,29.20362846739611
-2.66,2.81,-3.37,-122.82802018843608,46.30751972941107,23.050527648721733
-0.65,3.33,-3.1,-122.13730880568986,48.862365423932296,13.714952301602876
3.23,3.72,-3.48,-120.5695899160874,50.541973215859535,4.71104003397371
6.29,4.87,-5.37,-117.013124056645,51.18910455675295,-9.76355056625781
9.74,4.46,-7.98,-113.92207363516452,49.833378319901584,-20.65797889865216
11.69,4.79,-11.12,-109.90973941260324,47.0813498800656,-31.423754097001943
11.74,6.44,-12.21,-107.35582470459704,45.225406324165256,-36.52850049317351
11.44,7.67,-12.85,-106.81586235047912,42.21267498362913,-39.948769456648414
10.68,5.45,-9.62,-112.89920199482374,37.6888990814094,-38.20995633245823
8.8,2.71,-9.51,-119.19690467351394,33.79973728659347,-35.33588611084891
7.69,0.11,-9.18,-127.68873899317936,29.57087281914313,-30.35378924019512
5.7,2.38,-9.89,-132.81066902216784,28.26912231018425,-25.67656503656709
3.37,0.85,-6.69,-139.60231554875963,27.183245547895737,-18.70407011512631
2.28,0.09,-5.34,-142.73954322436268,26.97108530932781,-14.777398324484167
1.52,2.37,-5.44,-142.99145809873448,28.36366745712689,-11.628070333672753
1.08,3.94,-4.45,-142.16981440543415,29.274683969227155,-10.72998370230972
1.92,3.44,-7.7,-142.2760067690691,29.014203146635065,-11.259541000283244
2.51,2.72,-9.18,-142.38248796926192,28.35184823709937,-12.469235993000286
3.12,2.96,-9.63,-142.1344807161217,28.115528300006986,-13.034229810442689
2.97,3.48,-9.03,-141.95828650840244,27.84391108565838,-13.39183842112712
2.97,2.54,-9.84,-142.063908450112,27.39550079751796,-13.761120312162008
