acc_x,acc_y,acc_z,eul_x,eul_y,eul_z
-4.13,3.91,-8.17,-125.62096841990898,41.23162880897231,31.29283177814012
-4.01,3.84,-8.26,-125.67114640173416,41.30509675325747,31.173847836723343
-4.22,4.2,-7.92,-125.72136723881636,41.24387223496928,31.18574467782784
-4.26,3.55,-7.86,-125.99835325546628,41.0847460230468,31.04300528938303
-4.21,3.57,-7.83,-126.149991690663,40.97463022944533,31.00732816596471
-4.04,4.18,-8.21,-126.27665951200248,40.87678270719479,30.935983157745675
-3.96,3.44,-8.57,-126.70941436503276,40.53456083395825,30.74578979374247
-4.17,3.46,-7.87,-126.78612125881504,40.461276767806375,30.722021736081228
-4.09,3.4,-7.94,-126.93984342653314,40.35138303303221,30.603201736078947
-4.04,3.63,-8.06,-126.93984342653314,40.36359153375482,30.567562314513644
-4.0,3.76,-8.25,-126.93984342653314,40.43685258518578,30.472538652503623
-4.11,3.73,-7.99,-126.88855686312144,40.497916639737895,30.41315976518269
-4.64,2.65,-5.94,-127.068261462492,40.75451706328899,29.86726387171145
-4.62,0.0,-2.29,-127.58485235552222,42.065313242449655,26.42932380663794
-1.89,3.31,-1.44,-127.27433384194984,43.16000282883873,15.817984589415364
2.5,8.57,-6.09,-125.62096841990898,42.138984987119,4.61929076192046
6.52,5.23,-5.83,-122.85197400573632,38.028099568652365,-15.031647378904806
9.04,3.5,-11.73,-118.43136127193767,34.75907767623433,-26.44109479130183
8.27,5.86,-8.52,-112.6714672903495,34.06330962524581,-32.639793783943
8.32,5.62,-6.71,-110.47046523443146,34.03934085088464,-34.86715957624261
8.02,5.37,-6.19,-108.87862832095404,34.07529458830543,-36.01000138130928
7.31,5.33,-5.12,-108.70148376565116,34.435022863600715,-35.91362085306447
7.16,5.07,-5.48,-108.74081619599784,34.57901199780452,-35.841352697842005
7.02,4.44,-5.2,-108.70148376565116,34.747070547478,-35.829309438989284
7.25,5.35,-5.64,-108.74081619599784,34.80711013090355,-35.73297808318577
6.86,4.88,-5.16,-109.5116049915234,34.96325925488904,-35.08341956652468
6.4,4.67,-5.0,-110.32991436609802,35.05938432236356,-34.44701981345315
6.57,4.32,-5.15,-110.95425230146972,34.975273498072475,-34.435022863600715
7.21,4.31,-5.37,-110.95425230146972,34.85514889719688,-34.61501807279963
