acc_x,acc_y,acc_z,eul_x,eul_y,eul_z
-2.44,0.88,-9.43,-152.09692309623645,23.63558298502357,14.39616145402999
-2.37,1.09,-9.58,-152.1444912618588,23.58875576239612,14.292215737283833
-2.47,1.34,-9.34,-152.19213918576153,23.600462193143148,14.199829470388696
-2.39,0.81,-9.36,-152.23986727877062,23.56534364989273,14.142092768246474
-2.44,1.02,-9.5,-152.28767595523587,23.53022735154268,14.095906005217
-2.31,1.12,-9.18,-152.3835367338065,23.47170516617001,13.991994191085649
-2.21,1.05,-9.74,-152.3835367338065,23.55363796786013,13.830376539145911
-2.35,1.48,-9.41,-152.3835367338065,23.55363796786013,13.85346307502466
-2.3,0.83,-9.53,-152.33556563307292,23.53022735154268,14.003539375629764
-2.3,1.06,-9.67,-152.23986727877062,23.5419325351228,14.176734355559056
-2.42,0.7,-9.4,-152.19213918576153,23.506817731301982,14.373061379793723
-2.44,0.82,-9.39,-152.1444912618588,23.58875576239612,14.32686299177392
-2.49,-1.47,-7.89,-151.8602645048557,24.02206117401117,14.130545861300051
-2.38,-2.13,-3.81,-150.34469905459454,26.00575632582789,12.768989848771891
0.98,5.58,-5.02,-144.50157885257724,30.35378924019512,4.837200229263812
4.82,8.41,-14.11,-137.37123052660468,31.459467480314125,-8.441571750266656
4.37,3.39,-10.73,-135.88272800413355,30.69825503264451,-13.922726077012074
3.71,5.54,-8.8,-134.7969534952698,31.161951340157948,-13.911181889055529
5.13,2.82,-14.61,-135.42727196097036,31.721461697138416,-12.111948910357556
4.76,2.08,-14.96,-135.79128033679729,35.05938432236356,-2.016915574628728
0.19,6.64,-4.34,-133.21309386328863,38.07658496090942,9.119652615329128
-1.84,2.43,-5.1,-131.3990875860209,39.38840578330453,17.31180678552449
-2.75,5.82,-5.53,-129.56581673326838,40.13171155486349,19.936217546906203
-1.98,4.79,-8.22,-129.19057220176188,40.33917501022326,19.90131410531983
-1.65,4.44,-8.96,-129.21728949054742,40.27814205807221,20.01766618340029
-2.27,4.96,-8.08,-128.57965137649458,40.47348957852154,20.9608980601766
-2.56,4.4,-7.35,-128.2110774660985,40.57120935574602,21.637178319468845
-1.96,4.5,-9.02,-128.47409395200594,40.42464121289,21.15904057291141
-1.86,4.55,-9.02,-128.47409395200594,40.36359153375482,21.0191686635752
-2.18,4.78,-7.82,-128.23732310544656,40.461276767806375,21.147383365420364
-2.12,4.97,-8.15,-128.23732310544656,40.42464121289,20.94924459772563
-1.95,4.74,-8.27,-128.47409395200594,40.21712102458852,20.879328419459103
