acc_x,acc_y,acc_z,eul_x,eul_y,eul_z
-3.95,3.1,-8.7,-127.37765090836376,40.766741444761,29.96215210560615
-4.11,3.67,-8.13,-127.42938014555916,40.65673943236753,29.99774061096053
-4.2,4.28,-7.94,-127.7407542896587,40.32696746513329,29.92656655764556
-4.03,2.87,-8.35,-128.47409395200594,39.77811923036006,29.653841828798463
-4.07,2.63,-8.39,-128.95070405160266,39.38840578330453,29.511618949559608
-4.16,3.41,-8.4,-128.92411693093345,39.31538744994931,29.58272456301425
-4.13,3.31,-8.31,-129.1371769317901,39.07211278567739,29.59457663056109
-4.07,2.92,-8.72,-129.21728949054742,38.987009992065246,29.61828173729524
-4.17,3.2,-8.57,-128.92411693093345,39.14507588885785,29.8198276164604
-4.31,3.27,-8.08,-128.57965137649458,39.38840578330453,30.05706136986712
-4.48,3.16,-7.61,-128.2635811405088,39.5953816587114,30.270684516880635
-4.19,3.16,-8.49,-128.05386288415187,39.75374814015767,30.38941055279805
-4.29,3.23,-8.29,-127.58485235552222,40.08291658507028,30.74578979374247
-4.63,3.99,-7.38,-127.01685959928788,40.40021990535207,31.161951340157948
-4.33,3.17,-8.19,-126.96550395698284,40.461276767806375,31.24523405697452
-5.49,0.66,-4.13,-127.068261462492,41.17041905633896,30.258813745298948
-2.91,-1.65,3.97,-126.20062569892964,45.25023432294885,24.06892577380089
2.85,7.3,2.36,-120.2467396055226,48.39710622669993,8.740349140335567
10.21,6.92,-4.4,-115.94637091735842,46.13309422581874,-11.547444362906596
15.6,4.74,-15.63,-104.14702125080773,36.87862290728264,-37.616257937648726
8.82,8.58,-2.15,-98.06821663266857,36.78200193719797,-40.42464121289
9.68,5.99,-4.7,-95.65040635419014,36.70955398535576,-43.24627621237414
9.13,5.48,-4.27,-95.85542117857165,36.93902480540506,-43.23394986814831
8.45,4.8,-3.33,-96.52454726797548,37.20491981438743,-42.778242722959625
8.17,4.48,-3.38,-96.7830712993422,37.10820677500307,-42.790549766583936
8.2,5.22,-3.9,-96.8521219757131,37.09611957275582,-42.74132469735878
7.65,4.88,-3.41,-97.40622744619556,37.02360533619834,-42.4092712076169
7.65,4.75,-3.27,-97.96340007132606,37.09611957275582,-41.99165970563765
7.58,4.65,-3.3,-98.50614716044564,37.21701087468853,-41.63592288422485
7.81,4.61,-3.7,-98.69945281813553,37.04777503969204,-41.57463147554045
7.66,4.92,-3.59,-98.94602892121196,37.07194645139856,-41.34183738204944
7.81,4.71,-3.71,-99.31706154713407,37.04777503969204,-41.14593859433644
7.76,4.35,-3.62,-99.7428387240718,36.93902480540506,-40.9501654253067
