acc_x,acc_y,acc_z,eul_x,eul_y,eul_z
-4.57,3.44,-8.03,-135.336709981557,26.029278313836883,32.938414434386345
-4.68,3.63,-7.76,-135.336709981557,26.00575632582789,32.97426433366517
-4.74,3.41,-7.62,-135.30656135192416,25.99399574998519,32.97426433366517
-4.81,3.51,-7.81,-135.24632190274465,26.00575632582789,33.0459740960127
-4.71,3.28,-7.96,-135.30656135192416,26.00575632582789,33.01011755272957
-4.78,3.71,-7.75,-135.27643200533063,25.99399574998519,32.98621503760272
-4.65,3.53,-8.05,-135.336709981557,25.99399574998519,32.890619725136126
-4.6,3.42,-8.34,-135.27643200533063,26.076325639174165,33.01011755272957
-4.77,3.37,-7.58,-135.09605869286386,26.06456338881546,33.285102998046874
-4.98,3.41,-7.16,-134.91636984441135,26.158669228245632,33.536349009079444
-4.76,3.08,-7.65,-134.8267795347168,26.26455976697084,33.656048249410745
-5.0,2.69,-7.11,-134.6778353365212,26.54704645350268,33.78776111254545
-5.78,-1.49,-2.8,-135.4877437505904,27.796689641349,31.53090365657372
-3.64,2.14,-1.31,-136.99450746728783,29.535319528051428,22.25582556887037
2.11,8.37,-5.34,-137.97429037596618,29.06155185997118,10.304202691653051
7.35,3.6,-8.98,-137.78296246704429,25.711825174606208,-11.086833319532731
9.22,5.51,-15.25,-131.09368455172458,22.86343926833653,-24.713732248446583
6.78,7.66,-7.83,-125.92268154117136,22.24414695534977,-29.653841828798463
6.63,4.46,-6.98,-124.72495975966048,21.88222532220053,-31.924028325694472
6.21,5.11,-6.65,-123.7205290097115,21.893896745024183,-32.60397465615993
5.86,4.71,-6.51,-123.06797364519969,21.88222532220053,-33.09378799906577
6.82,3.31,-7.72,-122.82802018843608,22.349262916740447,-33.09378799906577
6.02,0.66,-7.43,-122.99589046242428,25.07751783117069,-29.89098396291072
4.65,0.67,-4.67,-120.50027377126791,29.10890564472929,-27.407295558849807
6.56,3.85,-5.63,-113.23167638730342,35.853396366027425,-26.28809409494012
8.58,7.83,-6.81,-107.4332446849696,42.01620886419129,-24.57298013035922
7.41,7.56,-4.43,-105.49962088989868,46.23275206665912,-21.742186134206424
5.2,7.95,-1.33,-103.75636397061544,50.85897732637935,-18.44861943332721
7.03,7.41,-5.81,-102.63108741620243,51.48152030899618,-18.92476206303288
6.52,7.05,-5.47,-102.1191689740896,51.15098975907829,-20.01766618340029
5.58,5.67,-4.05,-102.28340450662311,50.69408334093136,-20.506574164810864
6.03,5.42,-5.57,-102.0280527784433,49.164614087930325,-22.53618284114898
