acc_x,acc_y,acc_z,eul_x,eul_y,eul_z
4.67,5.73,-6.36,-134.73735728971755,25.335843929176026,-18.98285063278348
6.76,6.33,-7.2,-125.3707171892468,26.41755310589251,-27.466273808985672
8.64,6.64,-9.9,-116.99119192350858,26.91216865613784,-35.51632781311482
8.59,7.43,-7.69,-114.85268180222258,27.926560226864748,-36.69748080490138
8.91,5.51,-11.06,-116.1194452258842,29.19178700040293,-34.05132504616154
8.27,6.6,-10.11,-120.45410373713348,31.364238746739588,-27.537057504249983
4.36,2.18,-3.19,-128.2635811405088,33.488479867763736,-16.30403579859025
1.74,1.34,-2.54,-129.72743673627951,36.03410062770514,-9.441564242690683
2.5,6.73,-8.06,-128.0277034878583,37.4710226508146,-7.396290017779932
2.18,5.68,-7.87,-129.1371769317901,37.94326713356112,-4.745446786894516
1.88,4.17,-6.76,-130.87269286132403,37.35004092959612,-3.438262641755622
1.7,2.17,-6.02,-131.23228149999522,37.180738981785375,-3.5987664920103746
1.99,4.27,-5.71,-129.27076347961943,37.79789028318413,-5.353372863141336
1.93,6.46,-0.37,-125.22107317255428,36.673335709404434,-12.780520582262024
9.94,5.06,-1.91,-115.45109275023192,29.74868303296809,-33.15356371555689
12.15,3.05,-14.39,-107.8992703852027,24.77239013171025,-45.57320299258629
7.45,6.31,-1.22,-106.83508762590432,24.49089212710031,-47.33145690842096
9.18,5.08,-5.09,-104.87710290187228,23.47170516617001,-50.06091747705543
8.78,4.84,-3.95,-103.81206807438303,23.202582809395707,-51.20181083863506
8.55,4.35,-4.1,-103.96078153770134,22.92189772810272,-51.48152030899618
8.06,4.66,-3.4,-104.16566658300285,22.65303861752037,-51.64695790877244
8.11,4.38,-3.28,-104.3897152607669,22.314222150985408,-51.74882311470209
8.04,4.46,-3.53,-104.82072855146713,22.104021805228783,-51.53241190190736
7.5,4.91,-2.31,-105.06527849471128,21.88222532220053,-51.45607859919252
7.8,4.88,-2.83,-105.19724163612636,21.45054309281784,-51.723352699323634
8.28,4.23,-3.68,-105.36720117412769,21.100756747738608,-51.85073225942561
8.04,4.41,-3.56,-105.65120455426174,21.42721774773248,-51.31619778683096
7.84,4.61,-3.32,-106.01228040091104,21.38056975127936,-51.0874785737173
7.85,4.41,-3.23,-106.18384425288782,21.12406961438943,-51.06207881053216
8.15,4.79,-3.71,-106.16476472421512,21.112413070583106,-51.125583264636
7.77,4.65,-3.51,-106.31751960155216,21.24064723466595,-50.820914868829576
