acc_x,acc_y,acc_z,eul_x,eul_y,eul_z
-4.47,3.26,-8.74,-140.54206620040912,19.92458285893285,31.10247401988412
-4.76,2.93,-8.13,-140.54206620040912,19.784982749875187,31.24523405697452
-5.13,2.81,-7.63,-140.27139021079807,19.69193249784897,31.721461697138416
-4.51,3.35,-8.62,-140.06953899210683,19.831512813718547,31.85252256097231
-4.89,3.17,-7.92,-139.63551670559374,19.982758376303032,32.31753913524463
-4.99,2.73,-7.86,-139.5028685781741,20.040939097265657,32.556220911511176
-5.13,2.49,-7.47,-139.1730548258568,20.21551264575777,32.914516343671416
-4.59,3.42,-8.7,-138.61814821881748,20.448351223683986,33.356870714029654
-5.54,2.78,-6.55,-138.1664535645985,20.52986483879688,33.931500337029355
-5.33,2.49,-6.86,-138.1664535645985,20.611388956075047,33.883581162404816
-5.45,1.89,-6.62,-138.48861330559183,20.937591354374124,33.332946647245606
-6.64,0.55,-3.57,-138.4562899093435,22.25582556887037,31.99554685526558
-5.22,0.07,-0.99,-139.5028685781741,24.197824520118107,27.537057504249983
-1.73,2.48,-2.33,-140.40650617828152,26.994654003838164,16.257732621833743
4.5,5.6,-4.95,-138.81318085103794,29.357596603435567,4.66516502390792
10.87,8.36,-10.54,-132.24132459051677,30.54380438300529,-13.68032776202412
12.75,8.49,-14.12,-124.79911472012829,28.978694933911964,-25.53554917014508
8.97,5.69,-9.43,-121.24347666895368,28.139154785319608,-29.78425385642316
5.53,5.93,-6.02,-121.5009364289817,29.547170301814948,-27.3719121623715
6.15,5.41,-8.34,-121.33697927503368,29.760539648089328,-26.994654003838164
5.45,2.86,-7.69,-122.61284780254854,29.74868303296809,-25.9116795113663
4.74,0.55,-7.24,-122.82802018843608,31.078685498016352,-24.18610517042096
4.79,1.24,-7.09,-120.3388206480064,34.9512454084058,-21.71884947041321
6.27,3.84,-7.5,-116.4668582991344,39.558846745858816,-19.54075377357945
6.83,9.97,-6.46,-112.05379617607242,45.47378742330781,-16.003112701402525
5.02,6.75,-4.23,-110.57101095130196,48.78685991006569,-13.553381828311744
4.29,7.61,-3.32,-108.99693778149953,50.42795316020507,-12.999629346780695
5.58,8.11,-6.57,-107.49135645819707,50.6687250192297,-14.696516297153034
5.46,6.99,-6.26,-107.54950844448108,50.64336935396991,-14.73117911928188
4.62,6.9,-5.08,-108.17232459490296,50.33930781936822,-14.292215737283833
4.63,6.07,-6.63,-108.32875958573808,49.73231720183757,-14.7196246947995
5.04,5.6,-6.96,-108.76048947633528,48.90012665540839,-15.459416628401115
5.16,5.15,-6.51,-109.03641233282303,48.32173895898989,-15.968397992715149
