acc_x,acc_y,acc_z,eul_x,eul_y,eul_z
-2.3,1.65,-9.08,-157.44996317553054,14.950741939900691,14.673408500442047
-2.18,2.29,-9.35,-157.6264722380801,15.066323443247011,14.176734355559056
-1.77,2.28,-10.17,-157.80436691060555,15.112560354905924,13.714952301602876
-2.08,2.0,-9.17,-157.92374967519896,14.83517573160634,13.761120312162008
-2.02,1.78,-9.54,-158.04377345766537,14.661854827129083,13.68032776202412
-2.1,2.06,-9.1,-158.04377345766537,14.592535930080526,13.68032776202412
-1.91,1.62,-10.05,-158.22503424547796,14.442363367873067,13.553381828311744
-1.94,1.34,-9.77,-158.28578665640208,14.373061379793723,13.691869135619404
-2.05,2.05,-9.71,-157.863978815261,14.477016351828802,14.25756979612918
-2.59,1.83,-8.47,-157.1587733939545,14.627194705880914,15.18192036535379
-2.81,0.89,-8.0,-156.87120131517742,14.777398324484167,15.540370148995088
-3.02,-2.66,-5.2,-157.44996317553054,15.760140597334962,13.98044914927855
-1.62,0.67,-2.9,-156.19500732541923,18.27450160119409,9.76355056625781
-0.04,3.43,-2.74,-151.8602645048557,21.52052452835445,-0.6531754234266163
4.42,0.07,-0.17,-146.19464572787078,22.44271531767953,-14.049721543626418
10.22,1.87,-6.37,-131.2878239276356,23.30787601995589,-32.878671967526124
13.26,8.03,-9.14,-122.37462983210789,25.042301608577382,-41.64818266123672
15.94,6.52,-13.0,-115.27961518989136,25.60605217391993,-48.45992930219389
13.02,5.55,-9.26,-112.89920199482374,27.26577791911556,-48.4850628718776
10.91,2.07,-9.44,-113.77509319472593,28.81302746748213,-46.02102324962843
12.51,1.12,-13.86,-120.40796619724487,34.12323828365854,-34.89118212049759
9.55,1.77,-9.16,-126.02359896120804,39.72937892373464,-21.9172402806094
7.06,0.49,-9.63,-127.40350962041992,46.33244691855332,-8.004999928704901
5.12,4.24,-5.74,-124.5030425986932,51.18910455675295,1.7533192633889718
1.61,5.13,-2.07,-119.53742748975634,55.692430645226345,11.720221376139571
-1.11,6.2,-1.33,-116.53218769347627,57.00537744006553,17.253853117357277
-1.85,3.95,-2.96,-116.29293986048516,57.0836297204198,17.706010881893693
-0.19,6.34,-9.06,-116.16277934389494,57.14886216134416,16.5471716366683
0.29,4.1,-8.98,-116.61938735433752,56.74474561080106,16.17670848781425
0.29,4.79,-8.42,-117.03506304367224,56.10754388870858,16.072546557241562
-0.49,4.03,-8.99,-117.87389590745228,55.485171978249646,15.551935573755918
