acc_x,acc_y,acc_z,eul_x,eul_y,eul_z
-2.89,-4.28,-8.13,-123.06797364519969,-44.5682752426895,27.65505415801313
-2.64,-4.41,-8.46,-123.01990890666336,-44.605429900527255,27.64325314897049
-2.57,-5.11,-8.14,-122.9478813650208,-44.617815884427785,27.65505415801313
-2.62,-5.21,-7.82,-123.16421485435568,-44.444462000793465,27.50166431915293
-2.81,-5.06,-6.25,-124.60157138168796,-43.98682632143316,24.737194611496925
-2.44,-6.44,-3.49,-127.068261462492,-42.790549766583936,19.55238168351347
4.06,-4.79,-5.84,-130.62518646665285,-40.21712102458852,-0.4812859628976946
5.76,-3.66,-9.44,-130.92785324394194,-37.42262477199783,-12.907367253850758
5.44,-2.13,-8.12,-131.2600452849924,-33.811713840931375,-23.2493773342699
5.34,1.51,-6.55,-130.65262969629032,-31.73337455864903,-29.440524955343967
7.08,0.86,-8.28,-125.821937957947,-30.69825503264451,-38.31911836146923
8.24,0.28,-8.84,-123.09201996316364,-30.306298828005648,-42.43385492531204
7.79,0.51,-7.09,-122.7801400993836,-30.116390374671145,-43.135358011103925
7.69,0.0,-6.86,-123.01990890666336,-30.22320342475908,-42.86440291129757
6.55,-0.73,-6.4,-123.40547411170807,-30.62696303514804,-42.18810962075827
6.85,-2.14,-6.78,-123.93959592332432,-30.73390559555541,-41.51335250906026
7.41,-3.16,-7.54,-125.821937957947,-30.15199174363297,-40.07071902721768
8.26,-4.36,-9.37,-133.50255170239728,-27.832105272694307,-33.46454755353707
6.38,-1.46,-10.05,-144.27673180622273,-24.25642512530879,-23.71754026504909
3.38,-1.07,-7.37,-160.06096636558732,-17.891591511712036,-7.568544455864768
-0.08,2.08,-8.38,-166.43342218753332,-13.334150842815475,2.085681528609333
-1.71,0.19,-9.06,-165.86324083896642,-9.315090195791669,10.4537848668845
-2.3,2.03,-8.03,-162.91040944456057,-6.271288310584378,15.170359975770204
-2.75,2.64,-8.08,-161.64573705685663,-5.1354206546912415,16.524012627926176
-2.92,1.03,-9.33,-161.4314273445042,-4.825730880475589,16.709303811577858
-2.93,0.29,-9.63,-161.28990608516978,-4.550480755424785,16.871469682269606
-2.78,1.28,-9.46,-161.00999937311445,-4.11472114096103,17.126370676427072
-2.92,1.06,-8.82,-160.87156803103974,-4.206454848857137,17.172725448331995
-2.8,0.17,-9.61,-161.00999937311445,-4.378462866761455,16.929394296591493
-2.82,0.87,-9.22,-161.14943788464134,-4.4587366294239885,16.801965875210325
