acc_x,acc_y,acc_z,eul_x,eul_y,eul_z
0.93,0.61,-9.45,-103.71924706500204,-75.86024997866475,-6.661520952908496
1.05,0.46,-9.8,-103.68214546357068,-75.91837365235722,-6.581172764918962
0.86,0.6,-9.38,-103.68214546357068,-75.91837365235722,-6.512305468988996
1.29,0.4,-9.94,-103.71924706500204,-75.88930894202932,-6.5008278159272015
0.85,0.68,-9.65,-103.75636397061544,-75.86024997866475,-6.443440527613203
1.05,0.43,-9.71,-103.75636397061544,-75.86024997866475,-6.443440527613203
0.97,0.38,-9.73,-103.73780360335893,-75.86024997866475,-6.523783187455053
0.98,0.74,-9.88,-103.75636397061544,-75.84572265044491,-6.615607303690656
1.01,0.36,-9.92,-103.75636397061544,-75.83119675698822,-6.684478178549483
0.8,0.29,-9.81,-103.79349620326416,-75.78762767861531,-6.764830589593756
1.67,0.41,-11.19,-103.90498509276028,-75.64249040650832,-6.959986103018456
2.49,1.01,-12.81,-104.67057274431016,-75.09226338481456,-5.273072468222583
2.82,0.31,-13.79,-107.1625852400296,-72.65501018396799,3.8166045030746174
-4.39,-0.36,-2.25,-107.80196748253584,-70.76047732673608,11.662626087112969
-4.09,-2.32,-3.29,-107.72420666963671,-70.46559845800101,13.39183842112712
-2.7,0.08,-2.28,-107.95770664544784,-71.3377536515333,8.395611151395807
0.08,1.27,-3.42,-105.78405748823393,-73.86876525500236,-5.938500516393254
5.0,2.42,-7.9,-101.3746366209322,-75.41056702241764,-18.239683153744327
7.39,1.29,-10.05,-94.32752570299763,-76.09288289681452,-31.495183998739208
8.01,2.0,-10.51,-88.82192034919494,-75.30921462142838,-41.17041905633896
7.63,3.66,-8.53,-86.92820940034244,-74.57286253577672,-44.96484726352389
7.21,3.46,-7.42,-85.98458949996679,-73.82576315428821,-47.4190508458531
7.34,4.02,-7.52,-85.43747913251065,-73.36782485981516,-48.90012665540839
7.49,4.03,-7.4,-85.00152199363876,-72.75460720541858,-50.4026226278441
7.07,4.69,-7.14,-84.81514815252169,-72.34240418316186,-51.3034854195264
7.22,4.46,-6.96,-84.42775523713395,-72.15797532584307,-52.08018919976154
7.15,4.09,-6.81,-84.2113335545649,-72.20051661196999,-52.29710483920904
7.02,4.01,-6.81,-84.05697257154473,-72.12962086079537,-52.590900355898064
7.1,4.38,-6.71,-84.02612286771037,-72.0729272521427,-52.71875358132653
6.75,3.92,-6.3,-83.96444589128727,-72.18633490403623,-52.68039020015169
6.66,3.68,-6.17,-83.94903131476774,-72.27144436256579,-52.6036825036909
