acc_x,acc_y,acc_z,eul_x,eul_y,eul_z
-1.26,-0.46,-9.79,-118.97084456699362,-60.50345208908527,7.212570385921347
-1.14,-0.49,-9.7,-118.99341650256764,-60.450396568246575,7.315910364212048
-1.13,-0.45,-9.74,-119.0385830310132,-60.42387417457696,7.292945412680463
-1.04,-0.2,-9.97,-119.12900695445512,-60.31782031136974,7.269980754447582
-1.31,-0.49,-9.74,-119.15163191547693,-60.27806481809003,7.361841150905901
-1.35,-0.36,-9.5,-119.19690467351394,-60.21182344932971,7.47667331573405
-1.13,-0.51,-9.93,-119.21955248767716,-60.18533311886691,7.442222882076424
-1.24,-0.38,-9.96,-119.3556000073112,-60.06617050138386,7.488156943849511
-1.47,-0.32,-9.38,-119.4919242535424,-59.8677251126705,7.706360320042279
-1.45,-0.78,-8.97,-119.60574054309872,-59.748752844997405,7.867159619602527
-1.6,-1.24,-8.1,-119.87969568097152,-59.44503417297448,7.936078336486531
-1.85,-0.7,-7.74,-120.8011763350936,-58.4972102111192,7.660420468145224
-1.81,-0.14,-6.9,-122.11362560713808,-57.29244480095832,6.558216736441544
-2.2,0.02,-3.74,-123.57491843142247,-56.2114472624779,2.0742204847835874
-0.93,0.14,-0.37,-123.16421485435568,-55.45927852016165,-11.420757981123572
7.69,5.94,-3.45,-118.23015155570128,-54.16847683303728,-27.407295558849807
13.97,7.58,-9.18,-103.09058276649,-53.82124003233572,-50.04827088645171
16.62,1.27,-17.57,-94.54685485638409,-54.07840095968836,-59.82805979528858
9.06,1.14,-4.76,-97.87613706345994,-52.79549944688719,-57.39693028480898
6.58,0.07,-3.59,-100.97755856330473,-51.34162455414572,-55.278110287373416
7.36,-0.67,-6.09,-102.0644885076778,-48.975666100652674,-56.35439663135928
8.4,-0.17,-6.4,-105.17837759673444,-44.65497713304196,-56.61454976379907
9.56,2.96,-5.65,-109.03641233282303,-40.15611188549902,-55.744276234982536
9.13,5.95,-4.16,-114.38591221182236,-33.811713840931375,-54.039808077971365
8.21,8.06,-3.52,-117.12288767556583,-29.760539648089328,-53.32061569458453
8.31,8.73,-4.25,-118.81305169988,-26.25279302590076,-53.23087651093563
8.92,7.58,-5.89,-118.54340107943032,-25.44156044788708,-53.78269118475608
7.8,5.46,-5.57,-118.65562547806576,-25.38282633662164,-53.538700860812206
6.68,4.59,-4.91,-119.28754177396172,-25.65305965168436,-52.69317728708804
6.82,3.8,-5.66,-119.19690467351394,-25.99399574998519,-52.6036825036909
7.1,3.58,-6.12,-119.15163191547693,-26.32339770363258,-52.43756945380554
