acc_x,acc_y,acc_z,eul_x,eul_y,eul_z
-0.1,1.16,-9.96,-102.68610514129892,-76.69070095907627,-2.578527672575933
-0.68,1.06,-9.22,-102.63108741620243,-76.7345404390869,-2.4180613422720283
-0.47,1.13,-9.74,-102.55778172371149,-76.80763576279817,-2.440984806055245
-0.18,0.95,-10.24,-102.59442725393296,-76.80763576279817,-2.452446574526375
-0.68,1.23,-9.41,-102.68610514129892,-76.70531264449292,-2.314906939637541
-0.38,1.07,-9.86,-102.75951351944929,-76.63226894733148,-2.280522559802512
-0.58,1.43,-9.89,-102.92489803406494,-76.4571139486868,-2.200293133435064
-0.63,1.35,-9.97,-103.23811172650564,-76.12198798415724,-1.9939937526124856
-0.76,1.67,-10.29,-103.44135652414452,-75.86024997866475,-1.5011923619341792
-1.3,1.47,-9.7,-103.79349620326416,-75.46851380016189,-0.206264917630254
-1.45,1.56,-9.87,-104.14702125080773,-75.03446305152276,1.1459346897143057
-1.74,0.99,-9.49,-104.72685126814748,-74.1844858325427,4.263789782102698
-2.03,-1.24,-6.25,-105.23498190512574,-73.48218124573529,6.604129057804274
-3.08,-3.61,-2.64,-107.27847580775386,-71.57772437161505,7.430739554030821
-2.02,1.75,0.99,-108.85892668852873,-70.63403485049959,1.4438918508267422
8.41,5.54,-4.83,-106.16476472421512,-71.06997715893745,-17.3929494210965
13.49,4.04,-10.97,-94.54685485638409,-70.9995839667978,-40.35138303303221
16.44,3.35,-17.4,-85.42188290417067,-69.45861698196556,-53.75699560652143
13.75,5.5,-12.8,-87.11781645834128,-67.04989222028267,-55.14879620852955
10.12,5.63,-9.95,-95.44579560430292,-65.92636443455984,-46.36984205375654
9.45,3.66,-10.99,-108.97720765299678,-62.95987835378689,-29.381288812129693
2.88,4.86,-5.77,-119.74257704437856,-57.78921694693311,-11.731740790019304
-1.28,3.19,-5.04,-123.26060567533968,-54.670994009622966,-1.9023072532875973
-3.27,3.49,-5.3,-124.74966789127242,-51.64695790877244,6.2139074058010815
-3.73,2.75,-5.39,-124.87336158426491,-50.69408334093136,9.06217605835773
-2.7,2.43,-8.07,-124.84860239500853,-50.61801634307628,9.556550648732504
-2.25,2.36,-9.07,-124.70026179828332,-50.71944432115219,9.637046865121436
-3.0,2.66,-7.9,-124.33100356461244,-50.98589564550729,10.005090889774308
-2.85,1.67,-8.36,-124.06164029835844,-51.40520334224811,9.867062460142211
-2.52,1.27,-9.36,-123.76914279530575,-51.82525084646464,9.499056247386587
-2.97,1.73,-8.79,-123.5991628945627,-52.05468291613776,9.22311622194562
-2.86,1.81,-9.13,-123.52645816564733,-52.23328523623708,8.76333445653462
-2.43,2.05,-10.0,-123.38130576448056,-52.590900355898064,8.073924421552888
