acc_x,acc_y,acc_z,eul_x,eul_y,eul_z
-0.91,0.41,-9.92,-109.96962968750276,-69.63997654209203,3.851001219583861
-1.0,0.34,-9.79,-109.90973941260324,-69.69581964045186,3.8853982832056495
-1.02,0.22,-9.83,-109.8498937322769,-69.77961983723273,3.942727502383202
-0.96,0.14,-9.81,-109.82995506205258,-69.79359069064598,3.954193464226632
-1.06,0.2,-9.72,-109.8498937322769,-69.76565017151245,3.965659465674837
-1.07,0.2,-9.71,-109.8498937322769,-69.77961983723273,3.977125506843028
-1.14,0.29,-9.76,-109.8498937322769,-69.76565017151245,4.000057708800217
-1.08,0.43,-9.78,-109.8498937322769,-69.76565017151245,3.965659465674837
-1.12,0.24,-9.87,-109.8498937322769,-69.77961983723273,4.011523869819651
-1.03,0.25,-9.93,-109.8498937322769,-69.77961983723273,4.034456312516312
-0.99,0.15,-9.56,-109.8498937322769,-69.76565017151245,4.1720543955147065
-1.34,0.2,-8.6,-109.81002132963994,-69.79359069064598,4.321125783265932
-2.15,-0.57,-5.7,-109.7303356928047,-70.0172862891219,2.738999060214957
-0.58,-1.0,-2.37,-108.52472019757442,-71.32364896873727,-3.7363468303015934
5.19,-0.87,-6.56,-104.55812296797365,-72.34240418316186,-18.35575126897081
8.94,-0.27,-10.73,-98.78744465249004,-71.26724268861088,-33.2133487153414
9.1,3.3,-13.22,-96.02657774273015,-68.70739234130575,-41.77080790377483
12.63,7.28,-17.94,-98.66427811303318,-65.01364072680407,-43.25860308220909
11.35,9.52,-15.2,-109.13518228345345,-62.14201779296097,-30.270684516880635
1.94,9.6,0.89,-121.196776153626,-57.43612578553682,-6.604129057804274
-5.11,-0.19,-0.99,-123.09201996316364,-55.80910067345633,2.1086036789736795
-1.12,2.84,-10.92,-122.541287565057,-56.17247760648797,1.1688541705956874
-0.44,2.03,-10.91,-122.51745226375392,-56.14650176459217,2.337829975144579
-2.19,1.18,-7.4,-122.63671936413527,-55.78316856909328,4.6536963885673295
-2.44,0.73,-7.14,-122.56513191438964,-55.71835189030318,5.720494487173099
-1.62,1.25,-9.63,-122.44600053491276,-55.82206789104122,5.341901218009245
-1.37,1.23,-10.49,-122.42220131273352,-55.80910067345633,5.192774664418371
-1.77,1.37,-9.4,-122.3033398527211,-55.92583364179144,5.261601195679236
-2.02,1.1,-9.25,-122.13730880568986,-56.10754388870858,5.0551272004985615
-1.59,1.22,-10.09,-121.99534211175566,-56.302404004510144,4.642227799866185
-1.6,1.48,-9.82,-121.78298489723478,-56.57550655085348,4.412865642375664
-1.36,0.75,-9.76,-121.68883049333888,-56.718700056314965,4.4587366294239885
