acc_x,acc_y,acc_z,eul_x,eul_y,eul_z
-0.65,-0.06,-9.84,-107.8992703852027,-71.88881371666841,4.309658496908005
-0.51,0.01,-10.15,-107.91874458790814,-71.88881371666841,4.160587661476331
-0.5,-0.03,-9.94,-107.86033561317936,-71.93128239622219,4.217921750764655
-0.65,-0.51,-9.54,-107.8408750363796,-71.95960119494845,4.309658496908005
-0.82,-0.05,-9.67,-107.8992703852027,-71.88881371666841,4.263789782102698
-0.5,-0.37,-9.96,-107.99668693087187,-71.81805792972114,4.149120969117045
-0.74,0.16,-9.7,-107.99668693087187,-71.80391056917499,4.137654318321577
-0.53,-0.14,-10.19,-108.01618391845108,-71.77561964048606,4.355527902560735
-0.95,-0.34,-9.94,-108.25050517877196,-71.46475194075083,5.009246344236124
-0.44,-0.21,-11.0,-108.79985018717656,-70.54979476235701,7.660420468145224
-1.61,-0.53,-9.01,-109.293463591227,-69.30531417283929,11.478340954533572
-3.33,-1.23,-6.17,-109.7303356928047,-67.71095944217275,15.621331474060083
-3.32,-1.8,-4.51,-110.06954622730552,-67.31126086505994,15.806415466969176
-2.83,-0.64,-2.51,-111.38001462419376,-67.29749473790226,10.833574298853826
0.04,1.67,-1.85,-111.1769826604611,-68.77680821232158,0.9282017781870658
6.22,3.53,-7.61,-105.99323879892164,-71.1404012489265,-17.450913825320047
8.59,3.15,-10.99,-97.33679783559198,-71.98792507543294,-33.775785318620265
9.36,2.32,-11.03,-92.39002905922057,-71.84635644599051,-41.39083180240233
7.87,3.8,-7.65,-91.33558129123824,-70.90108527835083,-44.518743376465615
6.61,3.99,-5.84,-91.2372369350846,-70.33938584771147,-45.64778844933024
6.93,4.06,-6.99,-89.67524692878357,-69.72374829540703,-48.6862209673472
7.79,5.07,-7.62,-88.64559529672633,-69.12432067193492,-50.87166614791169
8.45,5.56,-7.53,-87.73611309262152,-68.4854543216403,-52.83388194622904
8.26,5.19,-7.35,-87.19690747668942,-68.33304155520281,-53.73130294840485
7.63,4.93,-6.93,-86.84929419024685,-68.23612322826888,-54.31009785710634
7.13,4.82,-6.41,-86.77043038357205,-68.23612322826888,-54.451808715885925
7.13,4.5,-6.1,-86.62860462931063,-68.36074272349704,-54.46469598924939
7.42,4.13,-6.19,-86.48694417859592,-68.52704538255442,-54.42603640579737
6.87,4.28,-5.99,-86.54988402192322,-68.81847155097869,-54.026945257147645
