acc_x,acc_y,acc_z,eul_x,eul_y,eul_z
-1.1,2.81,-9.16,-105.82205287348604,-71.42240793741999,-4.6536963885673295
-1.09,2.61,-9.32,-106.05037621061464,-71.16857955140104,-4.6766337060034
-0.93,2.88,-9.56,-106.03132620370606,-71.16857955140104,-4.779853967883568
-1.08,2.72,-9.26,-106.1075514891628,-71.0981430834236,-4.699571210920838
-0.96,2.87,-9.54,-106.08848885002472,-71.11222790088254,-4.71104003397371
-1.12,2.63,-9.16,-106.1075514891628,-71.0981430834236,-4.71104003397371
-1.07,2.64,-9.34,-106.08848885002472,-71.0981430834236,-4.75691579950709
-1.3,2.49,-9.16,-106.18384425288782,-70.9995839667978,-4.699571210920838
-1.18,2.62,-9.43,-106.39399903423676,-70.7183188364016,-4.791323123878448
-1.17,3.67,-9.08,-106.5280024809996,-70.49365903494044,-4.825730880475589
-1.5,3.75,-8.77,-106.604670219113,-70.39546823502992,-4.527544452628878
-2.24,5.51,-7.62,-106.45140340836085,-70.64807912994407,-3.644626018390772
-2.22,5.81,-6.91,-104.8959023671172,-73.02526419838799,-1.7533192633889718
-1.42,2.38,-5.47,-102.4479327130834,-76.26760036880688,-0.0916732569994142
-0.84,1.41,-5.48,-97.98086184027687,-81.3246878357526,-0.1604282350432163
1.14,0.21,-6.97,-94.19277872550184,-85.31276410779735,-2.3034454566839293
2.05,0.36,-6.92,-89.93409723395683,-89.54603964341463,-6.4778727055513645
4.1,-4.3,-7.72,-87.37109100921478,-91.76274322777418,-9.91307033213892
4.69,-0.13,-10.5,-85.93759911863056,-91.61469420099051,-16.778799324271787
4.56,0.64,-9.5,-86.28261375483947,-90.03131672872559,-20.669626923426364
5.53,-0.3,-10.86,-87.75200894857093,-86.81774250688416,-25.14795750167836
5.2,4.01,-12.29,-90.12861881978974,-82.88987813746495,-28.505522169511824
5.21,4.35,-11.97,-94.175947342697,-77.65826632282992,-30.615082217040023
4.5,5.98,-11.8,-97.388865555759,-74.05524812454561,-30.91220422108664
3.39,7.26,-10.65,-101.3746366209322,-70.05926324812907,-30.045196559032803
2.75,7.49,-9.94,-104.82072855146713,-67.18740530675933,-27.832105272694307
1.74,5.55,-8.01,-106.12661834568743,-66.35026504226904,-26.41755310589251
1.89,5.58,-9.02,-106.79664141842296,-65.92636443455984,-25.60605217391993
1.47,5.4,-7.65,-107.0854130457935,-66.07666398061995,-24.50261820231894
1.48,3.73,-7.66,-107.0854130457935,-66.39134200709483,-23.92834419777812
1.8,3.71,-8.21,-106.89278954728871,-66.65172039063913,-23.83464346005029
2.16,3.8,-8.68,-106.87355122081516,-66.76146977168455,-23.694122645249475
2.1,3.66,-8.94,-106.604670219113,-67.04989222028267,-23.600462193143148
