acc_x,acc_y,acc_z,eul_x,eul_y,eul_z
3.43,1.39,-8.96,-93.2709590581106,-82.46253949499254,-20.54151049721856
3.53,1.46,-8.9,-93.22090422842992,-82.46253949499254,-20.669626923426364
3.73,1.37,-9.04,-93.17087251757091,-82.47777750148487,-20.73951961095484
3.86,1.4,-9.37,-93.0375673318354,-82.55399419971695,-20.856024774540764
3.61,1.33,-8.95,-92.98762003555102,-82.61499961080214,-20.84437327920369
3.61,1.38,-9.02,-92.98762003555102,-82.59974558341173,-20.890980569305803
3.64,1.48,-9.19,-92.95433457722172,-82.59974558341173,-20.9608980601766
3.52,1.48,-8.97,-92.9709760334808,-82.58449333969773,-20.995859763455265
3.61,1.33,-9.46,-92.90442546813144,-82.59974558341173,-21.08910064572278
3.91,1.32,-10.08,-92.88779417994404,-82.58449333969773,-21.112413070583106
5.17,1.31,-11.16,-93.0209156832062,-82.52350218370225,-20.79776947557341
7.97,0.7,-14.33,-93.571775871417,-82.43206880803427,-19.494244164289388
8.68,1.15,-14.61,-96.83485491073408,-81.55147683065383,-11.985198208002224
0.6,0.26,-4.84,-102.10093856551023,-77.82016535805077,3.140201723904295
-4.16,-2.09,-0.63,-104.25895173526337,-74.73137747245856,10.212160888414616
-5.28,-0.5,1.5,-106.08848885002472,-73.26783271865594,7.465189762811247
-0.09,6.43,1.03,-104.4832356489818,-75.10671696922729,-6.581172764918962
8.86,7.55,-5.33,-94.14229255211988,-77.37905512772029,-30.318170931025325
18.42,4.12,-17.75,-83.16534013509425,-77.5847366999739,-44.91524480207666
24.97,0.0,-22.89,-78.55841408450421,-77.57003532685165,-49.63129737491882
16.53,7.52,-12.77,-94.91906676360666,-77.43779108064524,-28.22185710635222
6.54,0.35,-0.37,-104.09110859790351,-75.36712180089249,-6.971466463000763
-0.85,-2.0,1.48,-109.27366158489086,-69.12432067193492,12.146519858742266
-6.49,-0.88,3.2,-111.1769826604611,-64.4302992386677,18.646004953165537
-4.8,-2.18,5.89,-115.27961518989136,-61.367629313530685,14.627194705880914
0.58,3.23,5.03,-117.58578661368068,-61.6609948635758,0.1145915781247664
9.0,12.19,-3.03,-107.14328559013715,-63.95686484639014,-30.769559206882445
16.77,10.6,-16.41,-88.59755263252764,-64.80993560444891,-56.40640189813039
13.92,6.83,-11.91,-83.6257545843694,-64.60646007520779,-62.19553975386646
7.35,7.47,-5.24,-87.4820668406457,-63.79482577106735,-58.891598569681705
6.54,6.03,-4.47,-88.37361278323944,-63.79482577106735,-57.867763106675405
8.41,5.4,-7.28,-86.75466377852932,-64.13256877996223,-59.32631288225003
8.43,4.26,-6.94,-86.07862420393977,-64.45738978708853,-59.722324202247286
