acc_x,acc_y,acc_z,eul_x,eul_y,eul_z
-0.22,0.2,-9.7,-104.31496972568996,-75.65699770780401,-0.6417160846123932
-0.13,0.17,-9.75,-104.25895173526337,-75.71504118189101,-0.6417160846123932
0.01,0.26,-9.92,-104.2216259643372,-75.75858878812349,-0.687553479519944
0.02,0.3,-9.77,-104.1843158106976,-75.78762767861531,-0.6760941207657828
0.03,0.22,-9.93,-104.14702125080773,-75.81667229763626,-0.7448503787209418
-0.16,0.19,-9.75,-104.14702125080773,-75.84572265044491,-0.7448503787209418
0.01,0.25,-9.76,-104.10974226118626,-75.86024997866475,-0.7792286067117273
0.0,0.4,-9.98,-104.10974226118626,-75.86024997866475,-0.8479852761926534
-0.05,0.28,-9.92,-104.14702125080773,-75.81667229763626,-0.8479852761926534
-0.06,0.12,-9.77,-104.14702125080773,-75.81667229763626,-0.8365258107465946
-0.11,0.23,-9.67,-104.14702125080773,-75.81667229763626,-0.7104722177704716
-0.29,-0.27,-8.59,-104.2402868961662,-75.72955562090883,-0.6531754234266163
-0.47,-0.02,-7.09,-104.2216259643372,-75.70052817172606,-1.7647797695524667
-0.02,0.21,-5.49,-103.84922334055192,-75.86024997866475,-5.410731896463338
0.79,0.02,-4.11,-101.97342600574191,-76.00560231797398,-15.066323443247011
6.91,0.0,-8.68,-98.76983998330203,-75.5844754506404,-24.924931536010146
10.85,1.12,-14.0,-94.12546914110418,-72.78307520859934,-38.17357699786608
11.74,4.23,-15.15,-93.40455194632293,-69.4865054886989,-44.271215191825895
9.96,8.16,-13.57,-100.95954923279672,-65.39450949953873,-39.32755601712488
6.89,7.07,-8.29,-113.29417835148298,-61.42093529139101,-22.676412633281863
-1.05,5.65,-2.35,-118.8580978383618,-58.95740435856217,-11.4092417341199
-1.27,2.17,-6.78,-120.61584152012747,-58.14290959834098,-4.000057708800217
-1.24,2.67,-8.96,-120.8475925272034,-58.0118417792849,-0.7792286067117273
-1.61,0.31,-7.12,-120.70844309282911,-58.11668937344475,3.4726557451993814
-2.6,0.33,-7.52,-120.66212588661212,-57.98563819390608,4.96336629149859
-2.18,1.09,-8.53,-120.43103091016366,-58.16913315906611,4.263789782102698
-0.85,1.34,-10.86,-120.22373946495338,-58.36591646165882,3.954193464226632
-1.87,0.65,-8.75,-120.20074735368748,-58.33966779766776,4.4587366294239885
-1.86,0.97,-9.14,-120.06296278033024,-58.4709447283886,4.057388916858228
-1.25,1.02,-10.5,-119.94836140851372,-58.66801815565057,3.380941489627292
-1.4,1.19,-9.78,-119.85682289966007,-58.77320186377301,3.163128706652845
-1.52,1.37,-9.48,-119.85682289966007,-58.76005092877733,3.1287382797377283
-1.45,1.63,-9.67,-119.81110097439957,-58.85212533574583,2.830699387947472
