acc_x,acc_y,acc_z,eul_x,eul_y,eul_z
7.95,-0.15,-9.98,-139.1073977684417,-29.487919662093987,-26.26455976697084
11.19,1.75,-11.67,-132.09998463629478,-22.86343926833653,-41.0847460230468
13.04,6.06,-11.26,-129.3510733053071,-17.93799404290059,-46.918907837056295
12.73,7.18,-11.93,-130.87269286132403,-14.419262116395176,-46.46958798664575
14.92,5.26,-16.61,-141.26122730722247,-14.742733694368155,-34.03934085088464
8.29,3.02,-6.69,-153.8627830260387,-14.280666944469896,-16.19985740781584
0.2,1.87,-2.76,-155.32181611488016,-12.711338126294772,7.6374510050387485
-7.64,0.91,2.58,-149.11579237958978,-10.868106466869214,18.37896716762953
-6.91,5.55,1.98,-143.97904817901198,-9.349581983346614,21.9172402806094
-5.87,8.54,3.31,-144.09039985888566,-9.51055493545105,19.447737797457524
-0.19,5.82,1.33,-151.48561418277666,-13.507223821905177,7.453706284964303
5.88,2.9,-4.2,-151.95469309277132,-19.57563811342796,-12.630631138714769
10.09,2.58,-7.73,-142.48926046846375,-23.07391806563097,-27.57245336826063
13.51,-1.42,-10.94,-127.81886761171008,-26.94751777725,-43.78915870024722
14.54,-2.89,-13.47,-121.15010938852664,-27.796689641349,-50.52930167815198
10.8,0.29,-9.96,-120.89404187117351,-28.05646742034004,-50.70676349859697
7.6,0.61,-7.46,-122.89990924402274,-28.61194247203445,-48.1836233337003
6.49,0.56,-6.68,-124.47843555677235,-29.12074488446725,-46.08327914813054
7.34,0.85,-8.16,-123.502242338284,-29.33390567781849,-47.09384957314965
6.88,2.35,-7.66,-123.57491843142247,-28.978694933911964,-47.281416405631816
6.52,1.99,-6.72,-124.60157138168796,-28.90768703373302,-46.14554943586622
6.57,1.31,-7.1,-124.65089633148648,-29.06155185997118,-45.98367660557063
6.74,1.83,-7.27,-124.70026179828332,-28.81302746748213,-46.10818553492847
6.25,2.58,-6.89,-124.99731160468365,-28.682903338517608,-45.87166763185487
