acc_x,acc_y,acc_z,eul_x,eul_y,eul_z
-0.4,-0.25,-9.56,-157.6264722380801,-22.349262916740447,0.7333909844413455
0.14,-0.25,-10.85,-157.50864759230302,-22.431032941974188,1.0198783397289315
-0.94,-0.39,-9.27,-157.39142911741774,-22.477763863075147,2.016915574628728
-0.78,-0.36,-9.03,-157.33304425296922,-22.44271531767953,2.509755787270372
-0.71,0.24,-9.51,-157.50864759230302,-22.337582426465424,2.1659094260652934
-0.49,-0.57,-9.9,-157.44996317553054,-22.45439792967429,1.6043342375287626
-0.36,0.08,-9.74,-157.50864759230302,-22.372624603038307,1.3522117780748235
-0.67,-0.1,-9.55,-157.6264722380801,-22.30254236550936,1.2605325708995527
-0.04,-0.43,-10.96,-157.50864759230302,-22.39598723123728,1.0771765184626354
0.23,0.18,-12.2,-157.6856148741907,-22.185757394813148,1.3178319771025526
2.27,0.37,-15.98,-157.50864759230302,-22.104021805228783,3.346549205454908
-0.58,5.54,-11.4,-152.7702885732456,-22.55955209306089,14.25756979612918
-4.37,0.54,-5.01,-138.74807199122864,-24.948403420997227,31.98362621241675
-7.63,-0.09,3.14,-129.80842917390058,-26.9593013980579,41.182660023882
-5.73,-0.94,2.95,-127.01685959928788,-31.47137263789784,41.30509675325747
-0.84,-3.08,-1.82,-129.97078188553854,-35.299808644002006,34.27909787153104
2.52,-7.5,-0.65,-136.21958862710648,-38.40404714248387,18.460228812044047
7.1,-6.36,-4.05,-139.8686617976523,-37.71311628724267,1.3751317128217122
12.12,-6.48,-8.67,-135.00612922505886,-32.99816611056945,-23.89320452199912
15.32,-5.0,-13.4,-124.77438620684354,-24.70200146162693,-44.23410474921271
16.68,-3.37,-11.57,-118.92572331092975,-18.35575126897081,-54.07840095968836
16.6,-3.55,-11.43,-117.013124056645,-9.91307033213892,-59.82805979528858
15.29,-0.81,-6.69,-123.2364939020704,-1.1344749665222489,-55.93880786648987
12.59,4.67,-7.83,-130.95545525843713,4.871608567013157,-48.69879864666847
12.36,4.17,-10.19,-144.9554604078314,7.855673444559318,-33.811713840931375
8.58,2.91,-6.58,-157.80436691060555,8.027974436112627,-19.52912606682039
2.82,7.34,-2.57,-170.0069733247971,5.582817194583068,0.1145915781247664
-2.0,-4.7,-1.18,-166.92746455946423,0.7104722177704716,11.558962006616271
-6.11,0.32,-2.01,-162.98770609304592,-0.4354489722842399,15.22816347918777
-3.91,-0.75,-7.5,-161.28990608516978,-1.5011923619341792,16.003112701402525
