acc_x,acc_y,acc_z,eul_x,eul_y,eul_z
1.72,1.66,-9.67,-148.90133503664836,-27.796689641349,-11.086833319532731
1.63,2.15,-9.82,-148.85861645005238,-27.67865707365,-11.294085603048902
1.48,2.08,-9.41,-148.85861645005238,-27.690458980540107,-11.178940913568928
1.56,1.9,-9.38,-148.85861645005238,-27.70226118700864,-11.2019689418816
1.52,2.04,-9.51,-148.7733502639536,-27.70226118700864,-11.4092417341199
1.54,1.85,-9.67,-148.68831050830863,-27.737669605365127,-11.570479767497384
1.54,1.77,-9.41,-148.73080219796103,-27.666855466190324,-11.628070333672753
1.76,2.44,-10.19,-148.7733502639536,-27.537057504249983,-11.662626087112969
2.45,2.7,-11.43,-149.37507492345586,-27.537057504249983,-9.752049739225924
1.24,2.43,-10.35,-150.03285782765786,-27.690458980540107,-6.982946893042854
1.36,2.68,-11.38,-150.43438697810743,-27.99741414521811,-2.681687249969397
-3.76,4.47,-4.3,-148.85861645005238,-29.40498230512227,6.294241112432486
-3.74,-3.61,-3.56,-146.15525518443252,-32.12669742786024,10.235170717586842
-3.03,-2.74,-2.91,-145.76376947074462,-33.476513522752754,6.902585349926143
2.13,-2.31,-5.99,-145.9589661948812,-33.11769717298479,-6.971466463000763
6.07,-1.32,-10.52,-142.45363711540872,-31.173847836723343,-19.912948378447748
7.97,-1.5,-10.36,-136.21958862710648,-27.537057504249983,-32.818938689500946
11.41,-1.36,-11.72,-132.55366749345723,-24.31503217113493,-39.61974059674281
12.04,1.3,-11.1,-132.29797094336487,-18.92476206303288,-43.283258399546064
10.39,3.75,-9.98,-139.14021367291954,-13.51876311679545,-38.14932632838656
8.36,5.81,-9.05,-146.4319313048688,-10.776022876638455,-30.306298828005648
2.9,5.72,-4.21,-155.91878451766874,-9.027691221695424,-17.416134643761747
0.85,4.75,-6.85,-159.09143242656373,-9.418568108565768,-11.09834637461124
0.19,2.04,-7.59,-161.64573705685663,-11.236511835589647,-5.617235753841245
-0.85,1.39,-7.52,-162.75684793649998,-12.365495103087907,-2.8421620551927376
-1.11,0.11,-8.34,-162.60463181843892,-13.51876311679545,-1.2490727279396536
-0.07,0.58,-9.81,-162.00854277151578,-13.691869135619404,-1.2605325708995527
-0.46,2.41,-9.37,-161.4314273445042,-13.611082444309169,-0.60733810621587
-0.48,1.84,-8.99,-161.00999937311445,-13.818833482803017,-0.0687549395409955
-0.4,2.11,-9.01,-160.80272323312002,-13.841919736512358,-0.3323159869732291
0.27,2.45,-10.1,-160.32749140960402,-13.841919736512358,-1.1230152546764245
-0.33,2.96,-9.06,-160.12726585571855,-13.876550175976098,-1.2146932735575866
