acc_x,acc_y,acc_z,eul_x,eul_y,eul_z
-2.35,1.95,-9.44,-66.41873200300768,-110.6918341622299,-2.738999060214957
-2.31,1.92,-9.31,-66.41873200300768,-110.6918341622299,-2.7160742546883188
-2.2,1.95,-9.36,-66.41873200300768,-110.7321495345978,-2.704611892754087
-2.12,2.02,-9.72,-66.41873200300768,-110.7321495345978,-2.750461504037132
-2.48,1.89,-9.11,-66.39134200709483,-110.71198928258144,-2.704611892754087
-2.27,1.9,-9.37,-66.37764861539371,-110.75231492282506,-2.7275366438036484
-2.17,2.07,-9.42,-66.37764861539371,-110.77248545181584,-2.750461504037132
-2.12,2.07,-9.57,-66.36395629393388,-110.79266112612925,-2.7733864743736323
-2.3,1.68,-9.22,-66.32288574654007,-110.83302792899204,-2.738999060214957
-2.29,1.92,-9.38,-66.30919770158441,-110.85321906669196,-2.7963115557322795
-2.11,2.01,-9.55,-66.32288574654007,-110.85321906669196,-2.87655022805785
-2.23,2.04,-9.32,-66.33657485995305,-110.85321906669196,-2.991179359701173
-2.16,1.89,-9.49,-66.30919770158441,-110.89361683755348,-3.105811485245125
-1.53,1.82,-11.08,-66.54204007962652,-110.55089162584848,-2.509755787270372
-1.6,1.96,-14.05,-67.66956803559746,-108.3091890496438,1.1344749665222489
-4.7,3.21,-6.15,-68.8879335180276,-103.79349620326416,10.10862175233956
-5.32,-1.08,-5.71,-68.91572639057479,-102.00984028062229,14.130545861300051
-6.32,1.13,-5.18,-69.31924492932319,-101.48322239715056,13.772662665221276
-6.88,-1.44,0.76,-70.0032963629689,-103.90498509276028,8.154340029708836
1.78,8.28,-5.21,-67.18740530675933,-109.65072872045307,-9.91307033213892
6.37,10.33,-15.71,-59.286754689259176,-114.11147553645674,-26.1469050177391
8.31,-0.59,-14.15,-55.770203681703904,-115.79527299684044,-27.57245336826063
4.95,5.72,-11.08,-56.3283987391895,-114.28023924222178,-29.83168618976498
4.62,3.54,-8.94,-56.74474561080106,-114.5341088647508,-28.777535311725245
3.39,3.24,-8.63,-57.0836297204198,-114.64014641159572,-28.19822634265853
2.94,2.78,-8.08,-57.59298134364519,-114.70384241769943,-27.348324709600163
2.36,3.76,-8.14,-58.23470667250937,-114.38591221182236,-27.077153605664893
2.79,3.7,-8.94,-58.431552820506106,-114.30136176070128,-26.900386195717587
2.94,3.46,-8.84,-58.58916597096109,-114.28023924222178,-26.6883513110376
2.57,3.82,-8.6,-58.86528222790042,-114.17471692174006,-26.47640945025204
2.45,3.44,-8.78,-59.02323151633205,-114.238012277231,-26.0880881691222
2.47,3.3,-8.55,-59.06273808576779,-114.28023924222178,-25.94695623100749
2.79,3.57,-9.11,-59.10225237254154,-114.25912274968864,-25.9116795113663
