acc_x,acc_y,acc_z,eul_x,eul_y,eul_z
-3.65,0.64,-8.94,-79.64330592338119,-96.19801883290825,10.189151472083807
-3.49,0.75,-9.25,-79.68807312130106,-96.16370776619527,10.154638119587414
-3.8,0.69,-8.83,-79.71792602911492,-96.11226260939416,10.235170717586842
-3.73,0.66,-9.08,-79.76271757028876,-96.07798011256575,10.200656128703407
-3.5,0.73,-9.47,-79.79258672651936,-96.09511993474894,10.10862175233956
-3.91,0.89,-8.94,-79.83740266974313,-95.99232372540725,10.154638119587414
-3.92,0.94,-9.32,-79.83740266974313,-95.99232372540725,10.166142467644526
-3.97,0.82,-9.61,-79.85234457633116,-95.90673837953938,10.350226089325556
-4.22,1.42,-9.65,-79.86728811365495,-95.71869958125956,10.64941932234672
-4.02,1.64,-9.67,-79.68807312130106,-95.582158023997,11.086833319532731
-4.04,1.41,-9.29,-79.36011799864445,-95.51395447808784,11.766299745968876
-4.46,1.76,-7.67,-78.64726489734781,-94.96992497557171,13.78420515869276
-5.04,3.87,-5.93,-77.74655203029216,-94.88517495078123,15.239724647140951
-4.73,3.18,-3.91,-74.90449405354882,-97.58001140346656,17.300215695418142
-3.78,2.23,-4.14,-71.76147607123468,-101.3746366209322,18.506668239532367
-3.48,-2.73,-0.9,-66.88502067393459,-108.28962313901592,18.855062255560348
1.98,-7.35,0.02,-62.85241532591269,-115.6229775841169,12.342442956629045
9.54,-9.3,-8.21,-60.43713492448142,-116.96926663704076,1.3865917007687605
12.62,-13.19,-18.51,-62.71817306273571,-109.253864399006,-13.080365619179066
10.61,2.55,-6.75,-72.38499549855874,-100.24196356728784,-18.402183827223173
9.89,9.3,-14.4,-81.38512714905085,-91.10624511400432,-24.31503217113493
5.99,5.16,-9.86,-83.56427059214394,-89.07886878573439,-25.28886585104528
3.77,5.32,-9.94,-86.01592640293836,-87.46620685664602,-24.983613243143303
2.4,4.95,-8.36,-87.08619458392643,-87.32356135651855,-23.881491803544503
2.05,3.17,-8.01,-86.62860462931063,-88.24583799153993,-22.98036223475966
2.82,1.38,-9.33,-85.67165837028583,-89.65908810035471,-21.71884947041321
2.69,1.42,-8.97,-85.40628863509704,-90.29097328332108,-20.72787028869477
2.49,1.45,-8.23,-84.75308505755767,-91.2044746461752,-20.05257586733213
3.35,1.56,-9.3,-84.24222829795386,-91.77920529298514,-19.92458285893285
3.3,1.73,-9.9,-83.51817693642109,-92.67181786365629,-19.470990576087328
2.78,1.23,-9.02,-82.98163371130366,-93.48813148907244,-18.73891153732938
3.22,2.01,-9.38,-82.05178160910839,-94.54685485638409,-18.437010245615284
3.0,1.26,-9.83,-80.85720708472816,-95.73577991639958,-18.262895263137004
