acc_x,acc_y,acc_z,eul_x,eul_y,eul_z
0.96,1.81,-9.68,-133.3576107786115,-44.64258950046725,-10.154638119587414
1.07,1.87,-9.65,-133.3576107786115,-44.617815884427785,-10.200656128703407
0.98,2.11,-9.55,-133.3865649159552,-44.580659579875785,-10.189151472083807
1.0,1.88,-9.72,-133.2997533527462,-44.69214333160207,-10.154638119587414
1.04,1.68,-9.54,-133.27085000109963,-44.74170597311218,-10.13162973120474
1.06,1.92,-9.68,-133.21309386328863,-44.75409801174842,-10.200656128703407
1.0,1.81,-9.64,-133.21309386328863,-44.76649060212525,-10.177646918437086
0.96,1.49,-9.31,-133.2997533527462,-44.67975404839129,-10.258180960550504
1.05,1.52,-8.84,-133.41553604515124,-44.295958202894106,-10.948685380949463
1.38,1.5,-8.67,-133.21309386328863,-43.6780308968355,-13.2187858542384
2.18,2.32,-9.13,-132.32631788342704,-42.95058853731749,-17.02208275037734
1.57,4.5,-6.74,-129.59271976099836,-42.396980116115046,-23.30787601995589
3.51,4.25,-7.62,-126.12469119973764,-42.95058853731749,-29.037876869982465
5.73,3.34,-9.95,-121.8301142376418,-43.71506869334832,-35.39602326525133
6.65,4.2,-9.4,-119.21955248767716,-43.8262109221212,-39.14507588885785
6.62,5.14,-9.44,-117.78511905973166,-43.480576858025245,-41.34183738204944
5.27,4.07,-8.14,-118.38659680691794,-43.75211129257185,-40.302553807332
4.49,2.88,-6.75,-119.56019073883049,-44.06098716195297,-38.452587715507406
4.95,3.94,-8.09,-119.99417813762396,-43.77680902972838,-38.07658496090942
4.93,3.57,-7.99,-120.22373946495338,-43.75211129257185,-37.74944537405314
4.64,3.82,-7.7,-120.36186107562716,-43.76445989390753,-37.54363247388456
4.95,3.37,-7.71,-120.45410373713348,-43.78915870024722,-37.446822845384496
4.79,3.78,-7.85,-120.52337099749846,-43.6780308968355,-37.43472359227642
4.56,3.62,-7.78,-120.91727899971444,-43.5175891368055,-37.011521124582174
4.8,3.68,-7.85,-121.01031078825766,-43.56694626623634,-36.80615463747225
4.56,3.41,-7.66,-121.08017234591216,-43.7274156925049,-36.57677217345314
4.93,3.51,-8.2,-121.05687678616404,-43.75211129257185,-36.612980343917975
4.7,3.61,-7.88,-121.2201221874496,-43.7274156925049,-36.39578793652754
4.54,3.47,-7.75,-121.36037614755794,-43.69037629572606,-36.23901092380315
