acc_x,acc_y,acc_z,eul_x,eul_y,eul_z
-1.01,-0.77,-10.03,-129.7004663573504,-49.60604885480682,7.648935698119245
-1.2,-0.91,-9.63,-129.72743673627951,-49.555559524438046,7.602997386301143
-1.07,-0.85,-9.82,-129.72743673627951,-49.58080290531658,7.465189762811247
-1.08,-0.95,-9.97,-129.72743673627951,-49.58080290531658,7.3733240323499585
-1.1,-0.65,-9.83,-129.78141812262746,-49.53031871016275,7.396290017779932
-1.09,-0.67,-9.85,-129.86249210271768,-49.441996043237744,7.499640647274437
-1.0,-0.68,-9.99,-129.86249210271768,-49.46722789019666,7.465189762811247
-0.9,-1.04,-10.07,-129.80842917390058,-49.505080460483725,7.568544455864768
-1.23,-0.61,-9.46,-129.80842917390058,-49.492462296741046,7.683390239501281
-1.18,-0.56,-9.71,-129.80842917390058,-49.46722789019666,7.752301412421159
-1.01,-0.64,-9.87,-129.78141812262746,-49.47984477339551,7.890132207309978
-1.29,-0.82,-8.93,-129.75442065073912,-49.492462296741046,8.016487142063689
-1.35,-0.7,-8.52,-129.78141812262746,-49.505080460483725,7.855673444559318
-1.35,-0.93,-7.98,-129.78141812262746,-49.58080290531658,7.212570385921347
-3.44,-1.49,-0.94,-130.0792914251156,-49.63129737491882,3.954193464226632
3.83,0.8,-1.57,-127.6627493662712,-49.80810916227225,-13.288003224878931
6.58,1.23,-5.98,-122.16100086287558,-49.05122823331522,-26.74724052277769
9.67,2.24,-9.31,-111.7059670825154,-47.35648075084825,-43.6780308968355
12.01,1.85,-11.06,-105.2161097378776,-46.2701332926198,-52.11845382754712
11.97,1.47,-7.31,-101.12175699059144,-45.87166763185487,-56.69265769689071
11.38,2.22,-7.12,-100.27771483475884,-45.461363019955,-58.0118417792849
9.76,1.85,-5.72,-100.24196356728784,-45.53591791274641,-58.07736528499433
9.47,1.94,-5.76,-100.13478976112896,-45.57320299258629,-58.22159029859478
9.02,1.88,-6.03,-100.18836168215152,-45.80946044511175,-58.0118417792849
8.81,1.18,-5.48,-100.56420761524464,-46.35737642818546,-57.04449995014843
8.44,1.67,-4.95,-101.12175699059144,-46.407242416234105,-56.38039768350901
8.1,1.68,-5.02,-101.66447905765742,-46.70663424071843,-55.57582333465725
