acc_x,acc_y,acc_z,eul_x,eul_y,eul_z
1.07,0.0,-9.81,-114.51291967073888,-65.02722926644273,-5.112479412053579
0.89,-0.4,-9.38,-114.51291967073888,-65.02722926644273,-5.089538374458754
0.97,-0.13,-9.44,-114.5341088647508,-64.98646672733051,-5.296015172064578
1.31,-0.1,-10.04,-114.5341088647508,-64.98646672733051,-5.364844561963229
1.1,-0.26,-9.69,-114.51291967073888,-64.98646672733051,-5.353372863141336
1.22,-0.05,-10.0,-114.51291967073888,-64.98646672733051,-5.3992599817249625
1.12,-0.22,-9.69,-114.4705595501544,-65.05440942764349,-5.215716631990905
0.95,-0.22,-9.65,-114.4705595501544,-65.06800105005402,-5.089538374458754
0.94,-0.24,-9.37,-114.44938861164486,-65.09518738061834,-4.951896402998163
1.04,-0.56,-9.03,-114.30136176070128,-65.21757686713724,-4.837200229263812
-0.16,-3.19,-4.63,-114.51291967073888,-64.7556530727814,-6.099150260471113
1.84,-1.49,-2.29,-114.4705595501544,-62.86584483464826,-14.477016351828802
7.01,3.14,-8.34,-111.38001462419376,-59.16812669186737,-29.476070502113327
8.22,2.73,-10.24,-106.87355122081516,-57.37080402823785,-38.74398218156732
11.82,-1.88,-15.16,-104.55812296797365,-57.04449995014843,-42.00393403253583
14.52,-2.69,-20.26,-110.55089162584848,-55.60173066165572,-36.75785092937251
7.07,1.89,-6.14,-119.53742748975634,-54.219965017577714,-24.63162225772855
-0.19,-1.84,-2.38,-127.55891058236664,-50.415287564554994,-12.50381856554563
1.51,7.8,-9.78,-129.9166096140095,-47.21887922414317,-11.881504040605064
0.49,5.48,-6.93,-131.53850453910292,-45.57320299258629,-8.970218312913039
-0.4,4.54,-5.5,-131.84655671079122,-45.52349068442483,-7.407773121999347
0.86,3.54,-9.15,-131.53850453910292,-45.92144367093,-8.016487142063689
0.38,3.74,-9.11,-131.2878239276356,-46.29505700445262,-8.200293609338797
-0.16,2.13,-8.5,-130.92785324394194,-46.94389240735087,-7.890132207309978
0.0,1.5,-8.44,-130.16081866157813,-47.94523502960248,-8.1313637329408
1.15,1.45,-10.67,-129.75442065073912,-48.30917991037589,-8.832292528579133
0.86,2.68,-10.02,-129.64656611878058,-48.25894988610853,-9.165635515674056
0.6,2.19,-9.29,-129.56581673326838,-48.3342986251064,-9.09666171745326
0.73,2.33,-9.5,-129.24401990955522,-48.56047848444357,-9.637046865121436
