acc_x,acc_y,acc_z,eul_x,eul_y,eul_z
8.6,0.74,-13.43,-106.5280024809996,-68.22228228779733,-23.612168873737943
9.35,4.99,-19.33,-107.23982794355229,-63.296099194215,-32.007467853657644
9.04,2.33,-13.94,-113.2733386110762,-58.30030109286572,-29.23915478171118
7.04,7.95,-16.11,-123.21239151549196,-50.80822871779234,-16.13041264048083
2.84,5.47,-2.35,-125.3457502614118,-48.02049166769566,-1.8793858210517669
-3.8,-0.68,-0.5,-125.8974793863132,-43.52992762326994,10.189151472083807
-3.56,8.91,-3.29,-125.3707171892468,-40.6200807923672,10.868106466869214
-2.55,6.48,-0.75,-125.54578154035148,-40.827870624577365,9.92457255015729
-1.14,6.68,8.72,-126.55630673438098,-43.69037629572606,5.0551272004985615
5.52,5.04,0.87,-123.4780360314948,-52.46311757943749,-13.51876311679545
13.39,0.27,-17.64,-109.49174968741804,-59.53742151899626,-34.24312448272413
10.02,1.27,-20.31,-107.20119776385688,-60.15884633673368,-36.92694357562125
4.0,0.73,-1.63,-110.45037134177934,-60.90182687258212,-30.24694330618832
5.28,-0.47,-8.09,-109.43221295455638,-60.38409728444597,-32.73532749855365
3.54,2.19,-4.03,-107.14328559013715,-58.31342248941901,-39.02347987528319
7.29,2.03,-3.64,-102.28340450662311,-57.00537744006553,-46.656712208804855
10.03,2.69,-7.17,-92.6220377436676,-54.99371982086026,-59.31312595403664
11.19,3.48,-4.91,-87.18108511627749,-53.28215172783013,-65.99466654035382
10.98,3.22,-3.7,-84.73757407583452,-52.66760381963542,-68.79069483955587
11.24,3.12,-3.71,-82.17335373167707,-52.29710483920904,-71.43652135500591
10.68,3.33,-3.34,-81.18879937131794,-52.29710483920904,-72.38499549855874
9.61,2.41,-2.75,-80.8271028985237,-52.80829290405338,-72.3991951776014
8.66,3.39,-1.71,-81.06812545338191,-52.782706698632246,-72.28563375882278
9.48,3.35,-2.76,-80.63158949863124,-52.94906780042738,-72.640787235407
8.72,2.43,-1.86,-80.64661893327633,-53.32061569458453,-72.32820965004784
8.53,2.86,-1.8,-80.7067534127589,-53.37191107016693,-72.27144436256579
9.37,2.78,-2.55,-80.39134544428752,-53.46170576624296,-72.48442031771656
8.61,3.31,-2.07,-80.55646739590921,-53.46170576624296,-72.3991951776014
8.73,2.51,-2.08,-80.51141416133366,-53.59004542379221,-72.37079710684984
8.81,3.71,-2.39,-80.63158949863124,-53.35908614472047,-72.42759839996174
9.22,2.91,-2.58,-80.39134544428752,-53.51303293157287,-72.49862902402758
