acc_x,acc_y,acc_z,eul_x,eul_y,eul_z
1.06,0.12,-10.07,-114.91656280775707,-64.79636344196814,-4.424333322525307
0.95,0.12,-10.09,-114.91656280775707,-64.79636344196814,-4.447268815934101
0.71,0.17,-9.74,-114.85268180222258,-64.8778117314165,-4.298191253728037
0.8,-0.03,-9.68,-114.68260427841712,-65.02722926644273,-4.263789782102698
0.97,0.15,-10.03,-114.55530415588284,-65.14957239662155,-4.240855681461491
1.01,-0.08,-9.8,-114.28023924222178,-65.43536500136207,-4.103254614165427
0.85,0.02,-9.77,-113.94309450479722,-65.76254695121683,-3.931261580029344
0.97,-0.95,-9.81,-113.62840124543835,-66.07666398061995,-3.77074274897392
0.81,-0.47,-9.67,-113.56562110150703,-66.1450243398958,-3.621696182670095
0.86,-0.1,-9.61,-113.52379683838042,-66.19973175300399,-3.5529075421905287
0.97,-0.49,-9.44,-113.39846355737872,-66.29551072464068,-3.5299782811888885
0.34,-2.68,-6.46,-113.52379683838042,-66.11767701122476,-3.610231319265168
-1.63,-4.28,3.55,-114.57650555012708,-63.7003688213593,-11.271055753655435
9.06,1.46,-8.08,-112.50626800349724,-59.62985148899754,-26.58236880563043
9.33,3.11,-10.07,-107.91874458790814,-53.64140160793269,-41.89348323735909
10.11,2.03,-7.46,-102.35649190819592,-50.57999179913578,-51.9017033518216
16.35,-0.11,-19.19,-101.33846927981492,-49.07642066173354,-55.01955829122679
14.12,0.76,-13.13,-112.79560178360884,-47.53171485619927,-44.07334918943469
4.56,2.49,-2.46,-125.67114640173416,-44.518743376465615,-29.40498230512227
0.87,5.47,-2.85,-133.2997533527462,-40.40021990535207,-19.52912606682039
2.94,5.41,-8.95,-133.96925884777576,-39.254551533936265,-18.843446306043926
2.13,5.39,-7.46,-134.44048421864292,-38.47686069075838,-17.659623057349798
0.88,4.4,-5.58,-134.7075870499225,-38.63467883673552,-16.16513427708501
1.75,3.62,-8.81,-134.26323636741046,-39.24238573337944,-16.361918539628213
1.82,3.4,-9.38,-133.7645266360233,-40.0463253316736,-16.350341655632345
1.2,2.41,-8.08,-133.73534909546763,-40.5589927006499,-15.517239777173634
0.94,2.5,-8.14,-133.58972143720712,-41.04803635831072,-15.02008899858815
1.76,3.14,-9.31,-133.41553604515124,-41.21938587506413,-15.18192036535379
1.42,3.13,-8.83,-133.27085000109963,-41.42758281113211,-15.112560354905924
1.47,3.34,-9.24,-133.2419635150545,-41.43983413767325,-15.124119969217904
1.43,3.06,-9.27,-133.27085000109963,-41.52560730818473,-15.135679738336451
1.5,2.89,-9.6,-133.01147504963205,-41.85667536570541,-15.251285971139977
