acc_x,acc_y,acc_z,eul_x,eul_y,eul_z
0.51,0.98,-10.03,-108.0942175893082,-71.60598002322817,-5.387788121139308
0.45,0.82,-10.0,-107.8992703852027,-71.81805792972114,-5.318958088351593
0.29,1.16,-9.74,-107.58829882460172,-72.12962086079537,-5.284543793645802
0.22,0.7,-9.45,-107.25914966329704,-72.47021290272461,-5.15836210329675
0.2,0.9,-9.39,-106.87355122081516,-72.88275430640832,-5.089538374458754
0.31,-0.27,-9.38,-106.3557507959232,-73.38211475609259,-5.123950007684243
0.4,-1.24,-9.25,-105.72709561294404,-73.99784443066719,-5.468092286497271
1.0,-3.81,-8.4,-105.70811662886264,-73.92612026828976,-6.133576755953128
2.14,-8.64,-10.12,-109.67062310358136,-69.8914199628782,-6.328670789467022
3.27,-3.52,-11.74,-121.45404882910115,-58.16913315906611,-5.456620099259026
3.27,1.87,-9.68,-131.0660093808112,-48.3342986251064,-5.284543793645802
2.69,9.19,-8.82,-140.71214769326966,-37.55573563062536,-5.456620099259026
2.28,9.1,-8.6,-144.05324557319378,-33.727885940809074,-4.96336629149859
2.42,8.72,-9.67,-143.42720670361226,-34.07529458830543,-5.823757869537403
1.86,8.65,-10.85,-140.305127821115,-37.81000260574194,-5.605762844556931
0.98,7.9,-9.42,-132.86795984370113,-46.64423316662803,-2.544141615361497
0.89,-5.85,-6.31,-122.66060001927256,-57.29244480095832,-1.1459346897143057
-0.37,-5.1,-6.1,-119.53742748975634,-60.31782031136974,-2.681687249969397
-0.98,-1.36,-6.79,-117.85169099664296,-61.38095442802087,-5.009246344236124
0.84,-7.13,-3.69,-116.3581094221592,-61.74108139765568,-8.004999928704901
3.36,-1.86,-4.09,-116.88163381383896,-58.40529575549325,-17.93799404290059
6.34,2.75,-7.05,-116.1411089977447,-54.74840524433751,-26.74724052277769
7.44,3.22,-6.75,-111.0756633938936,-51.86347399881144,-38.367646412161214
9.61,2.66,-6.64,-105.86006493054606,-48.98825821247561,-48.09577032776433
10.46,7.5,-7.43,-102.64942299100883,-47.1938685290374,-53.57720819427434
13.42,9.52,-9.0,-97.8238158560173,-48.93789354543228,-57.26633156409672
15.21,10.7,-11.86,-95.47986946417303,-56.96626218157378,-52.85947382737936
12.03,-11.21,-5.39,-91.10624511400432,-73.94046239689769,-38.05234138049009
4.95,-7.43,-1.06,-91.69691933728232,-76.55926202381508,-33.548317235556404
3.85,4.77,-7.81,-95.207589729786,-73.02526419838799,-34.699045966979874
4.98,-0.12,-7.95,-95.70162205923631,-74.61607730658687,-32.21017938044361
