acc_x,acc_y,acc_z,eul_x,eul_y,eul_z
1.0,0.57,-10.3,-112.56817591001142,-67.02240272652745,-6.420486066048695
1.0,0.69,-10.18,-112.58882301862496,-67.04989222028267,-6.099150260471113
0.52,0.69,-9.14,-112.60947570576612,-67.06363860553823,-5.777862453568277
0.23,0.54,-8.73,-112.65079783642123,-67.06363860553823,-5.513981585080581
0.37,0.68,-8.89,-112.65079783642123,-67.07738608365686,-5.353372863141336
0.97,0.64,-10.04,-112.56817591001142,-67.13238693393745,-5.502509177758649
0.64,0.81,-9.64,-112.65079783642123,-67.06363860553823,-5.5598717686300585
0.72,0.8,-9.73,-112.65079783642123,-67.04989222028267,-5.7319679651977244
0.57,0.64,-9.45,-112.63013397663045,-67.03614692743177,-5.915551513947968
0.91,0.36,-10.05,-112.60947570576612,-67.03614692743177,-6.087674884576738
0.85,0.5,-9.75,-112.73350926918675,-66.89875398051586,-6.168003805570946
0.74,-0.31,-8.94,-112.87847065921488,-66.76146977168455,-6.2024314124588535
0.18,-2.67,-4.87,-113.56562110150703,-65.8990509847622,-7.430739554030821
2.11,1.83,-5.28,-114.57650555012708,-63.94335613096246,-12.377021364647929
4.71,0.96,-10.5,-113.54470605704356,-62.235691121359,-20.65797889865216
3.46,1.55,-7.69,-113.8590465676662,-60.54325313283169,-23.729249451725817
4.35,2.57,-10.52,-115.10854164041076,-57.78921694693311,-26.62946927704853
6.35,3.54,-15.71,-115.79527299684044,-56.39339939535494,-27.855717200127582
7.98,0.82,-21.02,-117.6743080222204,-55.912860196887344,-25.13621688663897
4.17,0.88,-10.86,-121.92447762133864,-55.39455832418957,-15.945255673236543
0.96,1.83,-10.22,-124.67557399344672,-53.98836120988355,-10.062607019364435
0.32,3.23,-8.42,-126.5308282926202,-52.258810985064926,-6.3975318623814825
0.2,1.95,-5.78,-127.24853393391231,-51.53241190190736,-4.298191253728037
0.0,3.65,-5.79,-127.87100362286014,-50.681403847895496,-3.2777655386010047
0.01,3.21,-6.83,-127.94929869917112,-50.61801634307628,-2.991179359701173
-0.64,1.9,-7.13,-127.71474062830828,-51.01128734852718,-2.509755787270372
-0.47,0.79,-8.41,-127.55891058236664,-51.328910831615794,-2.440984806055245
-0.25,1.49,-9.8,-127.58485235552222,-51.35433895468571,-2.9453273542124467
-0.09,1.71,-9.64,-127.6627493662712,-51.27806271629933,-3.254837913384077
-0.22,2.75,-9.62,-127.68873899317936,-51.17639894970855,-3.621696182670095
-0.16,1.89,-9.9,-127.5329807280848,-51.3034854195264,-3.942727502383202
-0.03,1.86,-9.98,-127.24853393391231,-51.58331440676472,-4.240855681461491
