acc_x,acc_y,acc_z,eul_x,eul_y,eul_z
-0.69,1.63,-9.91,-127.84492955883974,-51.26535237984769,-2.3034454566839293
-0.69,2.25,-9.58,-128.1324147334415,-50.89704579606666,-2.681687249969397
-0.52,2.48,-9.83,-127.87100362286014,-51.03668173616908,-3.3121572228147254
-0.47,2.07,-9.65,-127.17120439382435,-51.723352699323634,-3.6331610823402585
-0.04,0.56,-9.82,-126.73497195223707,-52.19500183844675,-3.862466868736162
0.04,1.24,-10.38,-126.99117600895984,-51.837991208733065,-4.149120969117045
-0.54,2.17,-9.45,-127.19696922706022,-51.51968798135092,-4.298191253728037
-0.53,2.1,-9.9,-127.09397976921672,-51.54513650446032,-4.447268815934101
-0.58,1.29,-9.58,-127.17120439382435,-51.48152030899618,-4.355527902560735
-0.38,0.79,-10.22,-127.68873899317936,-50.820914868829576,-4.424333322525307
-0.38,2.1,-11.17,-128.71188283967422,-49.341094211246,-4.355527902560735
-0.33,5.25,-11.95,-130.3242488651211,-46.781534903600594,-2.1315259137202647
-1.67,6.21,-8.52,-130.4881841928668,-45.92144367093,2.4065996467302937
-2.15,6.25,-7.28,-127.68873899317936,-48.15851940424125,7.2010885302066425
-1.83,5.71,-4.88,-121.45404882910115,-55.16172418420825,9.269102460835224
-2.74,-1.05,0.22,-115.38674111389928,-62.5706171740576,8.556479215940191
1.27,-7.52,1.7,-107.627107150319,-72.22888386833002,-4.022990071019942
9.54,-8.04,-6.44,-103.29349693464754,-72.8400268600864,-18.88991127772655
11.99,-7.81,-13.4,-102.5761026611454,-64.34905178938227,-34.57901199780452
8.49,0.95,-9.94,-107.04685331847436,-55.23930804894636,-41.34183738204944
10.89,4.06,-9.22,-111.97181334084304,-45.85922505196,-46.2825948589316
10.57,9.77,-8.63,-118.14091440496072,-39.23022039326242,-45.51106402154343
8.45,4.84,-7.32,-120.68528037991209,-38.14932632838656,-43.4312345665289
6.71,5.59,-7.88,-122.3984110822012,-37.35004092959612,-42.11442571308733
5.55,4.52,-8.12,-123.28472684734406,-37.50732560971656,-40.87678270719479
4.84,1.42,-6.37,-123.0439366303148,-38.999166163078655,-39.72937892373464
5.2,1.64,-8.26,-122.61284780254854,-39.558846745858816,-39.71719501771099
5.52,2.19,-8.07,-122.70838865597604,-39.68064610609173,-39.49796452956165
5.25,2.45,-7.18,-122.51745226375392,-40.21712102458852,-39.181563633405815
5.84,1.33,-8.07,-122.20841159701892,-40.57120935574602,-39.23022039326242
5.68,2.85,-7.82,-122.37462983210789,-40.42464121289,-39.181563633405815
5.63,1.7,-7.97,-122.37462983210789,-40.58342649226998,-39.04779541564692
