acc_x,acc_y,acc_z,eul_x,eul_y,eul_z
-0.59,-0.41,-9.81,-125.74649376545209,-54.117000476338426,3.2204467196467967
-0.62,-0.55,-9.85,-125.74649376545209,-54.12986845766676,3.197519418538972
-0.62,-0.46,-9.77,-125.79677910995709,-54.09126672763835,3.197519418538972
-0.62,-0.68,-9.8,-125.77163105081792,-54.10413323309202,3.254837913384077
-0.62,-0.18,-9.76,-125.79677910995709,-54.07840095968836,3.254837913384077
-0.64,-0.64,-9.89,-125.67114640173416,-54.20709186156805,3.243374149708243
-0.58,-0.57,-10.05,-125.57083317422124,-54.31009785710634,3.1860558160551733
-0.55,-0.42,-10.0,-125.64605206137207,-54.24571355108697,3.243374149708243
-0.57,-0.54,-10.17,-125.67114640173416,-54.1942194456681,3.3121572228147254
-0.72,-0.58,-9.81,-125.67114640173416,-54.1942194456681,3.4267983429423063
-0.74,-0.4,-9.53,-125.696251455902,-54.16847683303728,3.5299782811888885
-0.49,-0.72,-9.74,-125.696251455902,-54.16847683303728,3.4726557451993814
-0.8,-0.6,-8.45,-125.77163105081792,-54.10413323309202,3.369477361207863
-2.58,-1.98,-4.62,-126.04885559306123,-53.89835748467391,1.5126525087430307
1.5,0.82,-3.04,-125.54578154035148,-52.98747589558396,-11.213483126166134
5.64,2.91,-9.96,-123.09201996316364,-51.85073225942561,-21.24064723466595
4.81,0.03,-6.82,-118.23015155570128,-51.76155935207183,-29.96215210560615
5.37,0.84,-5.13,-114.44938861164486,-50.79554323372685,-36.79407807568971
8.42,4.24,-9.33,-109.23407202946328,-48.10831891577421,-46.744081927482135
10.75,0.96,-9.3,-105.48069147410617,-47.92015436839679,-50.935120284944745
11.17,1.55,-8.82,-103.31196618957796,-47.694537953351535,-53.25651268144825
9.9,2.52,-7.36,-103.31196618957796,-47.30643546064212,-53.667084063629616
8.53,1.64,-6.67,-103.47835920176271,-47.1938685290374,-53.64140160793269
7.92,2.27,-6.48,-103.68214546357068,-46.98137369898728,-53.67992638338189
8.29,1.34,-6.35,-103.62652170690512,-47.1938685290374,-53.525866533741606
8.11,1.1,-6.0,-103.64505914352164,-47.73212702761914,-52.92346596535568
7.37,1.58,-5.49,-103.9421788631584,-47.85746338279603,-52.45034316588912
7.46,1.69,-5.66,-104.14702125080773,-47.92015436839679,-52.22052340718582
7.56,1.24,-6.09,-104.16566658300285,-48.04558210494044,-52.0164286876315
