acc_x,acc_y,acc_z,eul_x,eul_y,eul_z
-0.15,-0.71,-9.95,-108.54434186923864,-71.32364896873727,2.9338644268256844
0.02,-0.36,-10.29,-108.3874989853771,-71.49298753090414,2.9338644268256844
-0.16,-0.63,-9.98,-107.99668693087187,-71.87466002619819,3.0370318442136965
-0.38,-1.22,-9.48,-107.82141899407463,-72.04458809955408,3.117274866889664
-0.35,-0.55,-9.93,-107.82141899407463,-72.04458809955408,3.0714215263829594
-0.27,-0.51,-9.82,-107.8408750363796,-72.03042043423164,3.094348134689141
-0.31,-0.79,-9.93,-107.82141899407463,-72.03042043423164,3.254837913384077
-0.16,-0.56,-10.05,-107.82141899407463,-72.03042043423164,3.2777655386010047
-0.05,-0.46,-9.81,-107.7825204980392,-72.058757038671,3.5529075421905287
-0.57,-0.46,-9.31,-107.66593345101973,-72.15797532584307,3.77074274897392
-0.44,-0.53,-9.44,-107.4332446849696,-72.35660000190678,3.942727502383202
-0.36,-2.17,-7.93,-107.35582470459704,-72.42759839996174,3.942727502383202
-2.0,-5.43,0.77,-109.57120014176904,-70.26931004748687,-1.100095864564908
6.71,0.78,-5.78,-110.81284195033062,-66.36395629393388,-15.806415466969176
7.41,3.1,-9.47,-110.65153929836842,-59.0363995158976,-31.39994691440291
10.61,1.91,-11.98,-106.39399903423676,-54.117000476338426,-44.258844501305305
13.73,-0.36,-15.59,-105.87907721917452,-51.95268548055449,-48.00794736677514
14.21,1.66,-16.46,-116.88163381383896,-47.01886031964005,-39.51014004319908
5.26,6.38,-1.59,-131.23228149999522,-41.34183738204944,-20.23879269230359
-0.4,3.32,4.95,-136.52797852346418,-37.20491981438743,-5.594289991509483
-0.18,7.06,-5.95,-136.52797852346418,-36.118460981567104,-4.802792327898413
0.26,6.03,-8.61,-136.43524351543036,-36.09435595913239,-5.181303758795194
0.11,5.42,-8.97,-136.12747373883852,-36.35960237870008,-4.275256896440698
-0.9,4.13,-6.56,-135.85222545366122,-36.80615463747225,-3.380941489627292
-0.86,3.55,-8.74,-135.57859793518082,-37.446822845384496,-3.048495041051397
-1.08,3.81,-8.63,-135.39706524672096,-37.77366695276425,-2.681687249969397
-0.84,3.25,-7.72,-135.2162310052641,-38.22208366616019,-2.223215714892369
-0.63,3.81,-9.14,-135.00612922505886,-38.53755098296754,-2.4639083675369537
-0.58,3.41,-9.59,-134.7671460925717,-38.91408254537286,-2.4639083675369537
-0.83,3.54,-9.04,-134.61838734283256,-39.07211278567739,-2.223215714892369
-1.24,3.72,-8.32,-134.44048421864292,-39.32755601712488,-2.0742204847835874
-0.92,3.37,-9.33,-134.20429804752104,-39.77811923036006,-2.4065996467302937
