acc_x,acc_y,acc_z,eul_x,eul_y,eul_z
1.28,1.88,-9.8,-133.3576107786115,-44.37020029186166,-11.512892133606984
1.26,1.86,-9.62,-133.27085000109963,-44.469220271844826,-11.489857897732715
1.24,1.92,-9.71,-133.21309386328863,-44.54350821350816,-11.501374957383891
1.2,2.07,-9.7,-133.2419635150545,-44.518743376465615,-11.43227434386026
1.3,1.81,-9.69,-133.2419635150545,-44.54350821350816,-11.4092417341199
1.24,2.02,-9.69,-133.21309386328863,-44.55589145397279,-11.443790822449785
1.16,1.86,-9.59,-133.27085000109963,-44.50636177945312,-11.37469368630907
1.23,2.02,-9.82,-133.2419635150545,-44.518743376465615,-11.4092417341199
1.23,1.79,-9.62,-133.27085000109963,-44.518743376465615,-11.37469368630907
1.28,2.01,-9.81,-133.27085000109963,-44.50636177945312,-11.37469368630907
1.2,2.05,-9.66,-133.27085000109963,-44.48160022735979,-11.34014667578332
1.21,2.03,-9.68,-133.27085000109963,-44.50636177945312,-11.34014667578332
1.08,1.78,-9.45,-133.18424101457546,-44.580659579875785,-11.351662230904264
0.61,0.79,-7.66,-133.21309386328863,-44.54350821350816,-11.501374957383891
-1.63,-0.79,-5.09,-131.9590360744759,-44.30833052387342,-16.188282864682783
4.27,4.41,-7.04,-125.72136723881636,-44.67975404839129,-28.16278249153404
8.1,5.86,-12.74,-120.31578829659291,-43.38190073527359,-37.979621244835975
4.82,2.99,-6.29,-118.72304914641389,-43.11071528826148,-40.497916639737895
7.29,5.15,-9.44,-115.45109275023192,-42.63059851955768,-45.1509357631892
6.29,5.24,-7.93,-115.10854164041076,-42.50761837071936,-45.58563248490306
5.03,3.45,-6.49,-116.90353178561008,-42.91364872106161,-43.073755128260586
5.28,3.62,-6.95,-116.40158899740273,-42.96290285030923,-43.73976322550855
6.46,4.34,-7.98,-115.40818530642284,-42.852092757216354,-45.06407886296696
5.8,4.37,-7.33,-115.49402564842946,-42.76593619701882,-45.03926762413593
5.45,3.93,-7.03,-115.85999031103984,-42.92596147290185,-44.444462000793465
5.4,3.3,-6.8,-116.3581094221592,-43.19697398702748,-43.60396968900631
5.49,4.3,-7.28,-116.79410996273164,-42.93827474491775,-43.22162404932176
5.25,3.92,-7.28,-117.12288767556583,-42.97521768410124,-42.74132469735878
5.21,3.63,-7.03,-117.254831475668,-43.04911763533004,-42.53221028877852
5.52,4.35,-7.43,-117.254831475668,-42.96290285030923,-42.56910201801789
5.26,3.96,-7.35,-117.40908152683936,-43.024482231439535,-42.33553232385557
5.31,3.81,-7.31,-117.4973779425748,-43.24627621237414,-42.02848420080716
