acc_x,acc_y,acc_z,eul_x,eul_y,eul_z
-1.21,-1.47,-9.27,-100.92354086053491,-78.17404253989811,9.92457255015729
-0.83,-2.16,-10.12,-100.72573922895168,-78.35131422864524,10.016593913069029
-1.03,-1.36,-9.76,-100.81559788103888,-78.23310832001327,10.154638119587414
-1.06,-1.1,-9.78,-100.90554181397611,-78.14451892289983,10.200656128703407
-1.25,-1.49,-9.57,-100.77964420318249,-78.2478786330807,10.258180960550504
-1.32,-1.68,-9.32,-100.67186484879734,-78.35131422864524,10.350226089325556
-1.23,-1.14,-9.76,-100.67186484879734,-78.35131422864524,10.327214181692757
-1.15,-1.35,-9.85,-100.49250371968468,-78.51400980443368,10.338720083250598
-1.45,-1.29,-9.54,-100.34925747843585,-78.66207885203869,10.396251161173767
-1.3,-1.58,-9.71,-100.17050104885809,-78.8103048383864,10.4537848668845
-1.29,-1.84,-9.22,-100.09909176327572,-78.88447691741733,10.465291924669184
-1.25,-1.85,-8.73,-100.24196356728784,-78.79547515620452,10.039600263356236
-2.24,-3.71,-4.17,-100.67186484879734,-78.72135037210387,6.7533514707706495
1.45,-2.44,-3.4,-100.83357983561888,-77.52594029758299,-8.453062112264227
6.08,-0.17,-5.85,-98.85789490415894,-74.61607730658687,-22.53618284114898
7.98,2.58,-6.95,-93.48813148907244,-69.31924492932319,-40.43685258518578
8.92,3.03,-9.3,-89.33638544460486,-65.47622986306104,-50.541973215859535
10.51,3.67,-7.61,-87.67255085031937,-63.59247721166836,-55.01955829122679
11.13,3.3,-7.63,-88.07037290502619,-61.84791552643628,-57.21411483330135
10.66,3.14,-7.97,-90.40475908773536,-60.68925941563211,-56.39339939535494
11.06,3.93,-9.98,-96.55897932515956,-59.23402251666461,-51.723352699323634
9.79,2.92,-10.8,-103.88639399112432,-58.4578132506004,-43.7274156925049
6.34,3.3,-8.0,-115.10854164041076,-56.09455949870071,-29.9147053648035
2.86,4.68,-7.33,-121.15010938852664,-54.29721951219732,-20.18059415638896
0.52,1.64,-5.83,-123.86648635871316,-53.98836120988355,-11.858462221253813
-0.01,1.91,-6.8,-124.35555059912924,-53.83409111073488,-9.694547078719877
0.41,3.16,-8.7,-124.99731160468365,-53.06431134668802,-8.740349140335567
-0.06,2.65,-8.04,-125.3207938561998,-52.93626652690735,-7.35035834348681
0.07,2.16,-8.58,-125.29584795913512,-53.05150365290267,-6.89110540785609
0.47,1.64,-9.51,-125.64605206137207,-52.73154278918168,-6.592650878252481
-0.15,3.07,-8.66,-125.92268154117136,-52.37371140576522,-6.454917855397503
0.02,2.12,-9.07,-125.72136723881636,-52.61646535624809,-6.523783187455053
0.0,1.91,-9.49,-125.57083317422124,-52.82108707040818,-6.604129057804274
