acc_x,acc_y,acc_z,eul_x,eul_y,eul_z
-2.37,-0.45,-9.73,-122.42220131273352,-55.485171978249646,13.39183842112712
-2.44,-0.36,-9.54,-122.3984110822012,-55.485171978249646,13.437990937987554
-2.34,-0.51,-9.65,-122.35085755126808,-55.54991909388129,13.426452603767608
-2.48,-0.47,-9.51,-122.3270942285192,-55.56287082864312,13.4841456448157
-2.49,-0.54,-9.68,-122.3033398527211,-55.57582333465725,13.4841456448157
-2.38,-0.17,-9.55,-122.35085755126808,-55.53696813006854,13.437990937987554
-2.42,-0.28,-9.54,-122.3270942285192,-55.56287082864312,13.426452603767608
-2.49,-0.45,-9.61,-122.3270942285192,-55.57582333465725,13.426452603767608
-2.43,-0.53,-9.5,-122.3270942285192,-55.57582333465725,13.437990937987554
-2.38,-0.47,-9.67,-122.3270942285192,-55.57582333465725,13.44952940908047
-2.37,-0.3,-9.68,-122.3270942285192,-55.60173066165572,13.414914406298776
-2.48,-0.35,-9.3,-122.3270942285192,-55.57582333465725,13.437990937987554
-2.47,-0.37,-9.6,-122.3270942285192,-55.61468548324709,13.334150842815475
-2.36,-0.75,-9.71,-122.37462983210789,-55.57582333465725,13.357225465957494
-2.28,-0.73,-9.28,-122.46980875996977,-55.45927852016165,13.368762981498053
-2.69,-1.79,-6.83,-123.18829850358512,-54.78712101513374,13.057297449093689
-3.87,-2.7,0.03,-125.821937957947,-52.98747589558396,9.326587364176332
3.44,5.0,-7.88,-128.47409395200594,-50.630692516856975,-8.039461810968866
6.8,1.72,-8.32,-125.62096841990898,-49.58080290531658,-20.94924459772563
9.49,2.87,-11.12,-117.10092120050628,-47.88253794953186,-37.931149977697146
9.65,2.89,-13.26,-111.91038320685792,-45.03926762413593,-47.71959673028522
7.1,2.7,-5.3,-112.56817591001142,-43.406566594214624,-48.4850628718776
7.8,4.49,-7.98,-113.71219000408917,-40.93793375462537,-49.41676675386262
7.52,2.17,-5.83,-113.6702839060659,-40.607862210384674,-49.79547555361781
7.67,3.07,-7.47,-112.94068164320149,-39.98534936807032,-51.17639894970855
7.72,2.8,-6.37,-112.38260211278735,-39.88781236546699,-51.9017033518216
8.0,2.26,-7.05,-111.78766891146807,-40.15611188549902,-52.33540497698414
6.69,2.54,-5.58,-112.09482025042286,-40.26593689865936,-51.876216427159775
7.36,1.75,-6.22,-111.8081078109232,-40.77896631080099,-51.77429627625306
7.11,2.83,-6.06,-111.82855209706509,-40.73006975326216,-51.77429627625306
