acc_x,acc_y,acc_z,eul_x,eul_y,eul_z
-0.74,-0.62,-10.08,-129.78141812262746,-49.80810916227225,5.869654220523909
-0.82,-0.93,-9.73,-129.78141812262746,-49.80810916227225,5.915551513947968
-0.8,-0.61,-9.75,-129.72743673627951,-49.84601386938241,5.915551513947968
-0.74,-0.86,-9.95,-129.67350949211158,-49.90920133357593,5.904077101832591
-0.74,-0.63,-10.05,-129.7004663573504,-49.88392440352733,5.8467059276897535
-0.87,-0.61,-9.67,-129.88954402446632,-49.66917497940315,5.949975106955117
-0.81,-0.73,-9.86,-129.86249210271768,-49.71968746801213,5.915551513947968
-0.65,-0.85,-10.29,-129.78141812262746,-49.80810916227225,5.8926027489674295
-0.91,-0.91,-9.65,-129.75442065073912,-49.79547555361781,6.030298919379606
-0.68,-0.64,-10.19,-129.80842917390058,-49.73231720183757,6.064724315991072
-1.09,-0.6,-9.58,-129.80842917390058,-49.73231720183757,6.133576755953128
-0.84,-0.74,-9.78,-129.83545382657294,-49.70705837910808,6.099150260471113
-0.76,-0.81,-9.42,-129.88954402446632,-49.65654846766405,6.030298919379606
-1.07,-0.79,-8.66,-130.02500909601727,-49.58080290531658,5.754915093896803
-2.51,-1.72,-3.61,-130.0792914251156,-49.63129737491882,4.6536963885673295
-0.4,0.12,-0.39,-129.64656611878058,-49.60604885480682,-6.604129057804274
5.35,1.85,-9.23,-126.70941436503276,-49.46722789019666,-17.126370676427072
6.12,-0.75,-7.56,-120.89404187117351,-49.42938107897726,-27.938368456027646
9.08,1.35,-8.83,-115.81683895855758,-48.00794736677514,-37.42262477199783
10.68,3.21,-11.62,-110.57101095130196,-45.51106402154343,-47.03135704516996
10.9,1.4,-10.34,-108.32875958573808,-45.3868284428534,-49.643922599586496
7.94,1.69,-6.5,-108.70148376565116,-45.64778844933024,-48.96307461903554
7.08,1.57,-5.35,-108.97720765299678,-45.74726752330664,-48.62334193420396
8.05,1.16,-7.08,-107.66593345101973,-45.92144367093,-50.0103350226896
7.76,1.1,-6.64,-107.51073598064625,-45.94633512532466,-50.17476615256415
7.12,1.44,-5.49,-107.54950844448108,-46.03347327955085,-50.08621261381583
7.48,1.15,-5.92,-107.31714138517356,-46.220292814904006,-50.12416021166318
7.66,1.42,-6.07,-107.29780638051407,-46.2825948589316,-50.04827088645171
7.51,1.03,-5.94,-107.25914966329704,-46.58184673902731,-49.77021027536523
7.27,1.35,-5.91,-107.29780638051407,-46.61927683962218,-49.70705837910808
7.68,1.28,-6.44,-107.04685331847436,-46.744081927482135,-49.90920133357593
7.7,1.37,-6.18,-107.0854130457935,-46.744081927482135,-49.85865006631149
