acc_x,acc_y,acc_z,eul_x,eul_y,eul_z
-1.85,0.74,-9.5,-144.57683474921032,-33.440616741828144,8.23475966058657
-1.88,0.63,-9.44,-144.53918747848587,-33.476513522752754,8.292204739238791
-1.76,0.71,-9.45,-144.53918747848587,-33.476513522752754,8.361141590530956
-1.43,0.52,-10.1,-144.53918747848587,-33.51241368583526,8.338162304521468
-1.88,0.79,-9.26,-144.50157885257724,-33.476513522752754,8.41859128124216
-1.76,0.92,-9.69,-144.57683474921032,-33.40472333858408,8.395611151395807
-1.68,0.92,-9.56,-144.57683474921032,-33.356870714029654,8.430081473298436
-1.72,0.9,-9.67,-144.57683474921032,-33.332946647245606,8.464552559408572
-1.95,1.17,-9.51,-144.65224571956077,-33.2133487153414,8.602444609340731
-1.72,0.49,-9.61,-144.65224571956077,-33.24922417976444,8.671395302011161
-1.89,0.3,-8.28,-144.7656551188059,-33.05792701658909,8.774827247055486
-1.93,0.5,-6.78,-144.9554604078314,-32.86672457746944,8.671395302011161
-1.95,0.11,-3.21,-145.29964361056955,-32.627853710613714,8.246248510013665
-3.09,-0.21,-0.3,-145.9981360073074,-32.401061315113324,6.374577915681861
-1.2,0.28,-2.82,-146.59103083752737,-32.2936788968098,3.4153340784378665
1.35,0.19,-7.23,-146.63092085313292,-32.38912849332685,-1.6616358358374437
1.94,1.07,-8.7,-146.5113892939378,-32.01938920775377,-5.422203865470181
3.41,2.93,-12.06,-145.5696464213463,-31.29283177814012,-10.891128461986716
3.19,3.23,-11.56,-144.3515283507124,-30.62696303514804,-14.950741939900691
3.97,4.6,-13.4,-143.46374555627926,-29.85540431723644,-17.763999776816537
4.39,4.19,-12.62,-142.240577342184,-29.2983716924918,-20.54151049721856
4.2,4.75,-11.98,-141.3650146581067,-28.943189564308163,-22.24414695534977
4.58,4.4,-12.79,-140.305127821115,-28.76570522000204,-23.96348615709585
3.98,3.76,-11.29,-139.76858389100772,-28.74204597594341,-24.63162225772855
4.28,3.15,-11.45,-139.3046731473042,-28.801196435314267,-25.124476539770274
3.38,3.37,-9.5,-139.23881312164076,-28.730216823306154,-25.06577882303193
3.13,2.94,-8.61,-139.07460705159409,-28.777535311725245,-25.07751783117069
2.73,3.04,-7.58,-139.00910093867893,-28.84852244729204,-25.07751783117069
2.89,2.13,-7.6,-138.81318085103794,-28.84852244729204,-25.53554917014508
3.55,2.93,-9.04,-138.29503211078548,-28.78936571677899,-26.29986168212807
3.86,3.0,-8.94,-137.97429037596618,-28.63559484770936,-26.93573444675805
