acc_x,acc_y,acc_z,eul_x,eul_y,eul_z
-0.48,1.42,-9.5,-146.47163743677677,-32.711441879621354,0.1718874029970642
-0.34,0.79,-10.2,-146.35265556905202,-32.878671967526124,-0.0229183119580216
-0.39,0.85,-9.95,-146.2735608004224,-32.950364032221074,-0.011459155921715
-0.16,1.27,-10.02,-146.35265556905202,-32.878671967526124,-0.0229183119580216
-0.35,1.17,-9.72,-146.35265556905202,-32.8547775548023,0.0
-0.41,1.2,-9.96,-146.39227073603638,-32.80699313475501,0.0572957819004067
-0.49,1.11,-9.42,-146.47163743677677,-32.74727085632419,0.1604282350432163
-0.7,1.6,-9.23,-146.5113892939378,-32.651734221557824,0.1718874029970642
-0.09,1.36,-10.25,-146.5113892939378,-32.68755772174567,0.011459155921715
-0.29,1.34,-10.0,-146.5113892939378,-32.711441879621354,0.0458366248327759
-0.09,0.74,-9.7,-146.47163743677677,-32.78310312481338,0.1489690686936551
-0.41,0.98,-8.56,-146.5113892939378,-32.75921457984873,0.3323159869732291
-0.89,-0.31,-5.9,-146.5113892939378,-32.74727085632419,0.3323159869732291
-2.04,1.38,-2.39,-146.951724947316,-32.222106806155665,-0.1260507403490224
-2.51,0.0,0.29,-147.23493252348757,-32.031310917714855,-1.4095117183833985
-1.36,-1.62,-0.81,-146.951724947316,-32.055155405875595,-5.422203865470181
2.66,0.73,-4.05,-145.8027223342799,-31.26903222594612,-12.181091916848366
7.02,4.67,-11.36,-143.50031973782015,-30.54380438300529,-18.37896716762953
7.82,3.87,-14.26,-138.87838831455554,-30.318170931025325,-26.170433719349266
8.49,4.4,-13.89,-135.91325060474233,-29.79611144994345,-30.74578979374247
9.44,4.61,-15.72,-132.7820481898819,-29.0733898303354,-35.28778362498224
6.4,5.08,-10.88,-132.07176372350168,-28.63559484770936,-36.37166381418113
6.15,4.33,-10.24,-131.34342588798634,-28.51734540609927,-37.28956626386321
6.92,3.29,-11.05,-130.84513444406196,-28.76570522000204,-37.71311628724267
5.4,2.57,-8.19,-131.23228149999522,-29.06155185997118,-36.97527104810168
4.64,3.78,-7.06,-131.53850453910292,-28.777535311725245,-36.685408046310336
5.58,3.82,-8.36,-131.34342588798634,-28.730216823306154,-36.92694357562125
5.19,3.58,-7.4,-131.2600452849924,-28.81302746748213,-36.95110646062689
5.23,2.61,-7.8,-131.09368455172458,-29.037876869982465,-37.03568997450844
