acc_x,acc_y,acc_z,eul_x,eul_y,eul_z
-1.47,0.49,-10.18,-148.68831050830863,-29.2983716924918,8.303694005010767
-1.61,0.83,-9.89,-148.6458749656724,-29.32206069578229,8.326672787534774
-1.74,0.79,-9.38,-148.60349534227024,-29.2983716924918,8.464552559408572
-1.69,0.63,-9.58,-148.60349534227024,-29.28652767093248,8.441571750266656
-1.56,1.11,-9.51,-148.68831050830863,-29.21547025317705,8.41859128124216
-1.56,0.98,-9.5,-148.6458749656724,-29.227312357898,8.441571750266656
-1.86,0.87,-9.27,-148.56117141184754,-29.274683969227155,8.430081473298436
-1.73,0.71,-9.84,-148.47668973247264,-29.40498230512227,8.372631359788455
-1.63,0.8,-9.85,-148.51890294966256,-29.40498230512227,8.326672787534774
-1.54,0.68,-9.94,-148.47668973247264,-29.45237314889127,8.315183354403652
-1.56,0.79,-9.97,-148.4345315385202,-29.45237314889127,8.384121213370948
-1.8,0.76,-9.26,-148.4345315385202,-29.41682953361233,8.579461739762628
-2.05,0.95,-8.14,-148.4345315385202,-29.33390567781849,8.809306149715168
-1.93,0.36,-6.71,-148.56117141184754,-29.28652767093248,8.717364176475899
-3.29,0.48,-1.97,-148.90133503664836,-29.1681050221712,8.177316654862214
-3.94,-0.45,1.16,-149.46197984083236,-29.523469077350697,5.720494487173099
-1.07,-4.54,2.36,-149.9885675960275,-29.8198276164604,1.3178319771025526
2.04,-0.85,-1.3,-149.72415559222358,-28.6474215027532,-9.050681021579294
6.85,4.64,-5.9,-146.35265556905202,-27.466273808985672,-18.599556301853195
9.7,4.55,-13.56,-140.203997331634,-26.57059440264536,-28.76570522000204
9.48,2.35,-10.86,-137.27675296577294,-26.1233774379412,-32.97426433366517
11.36,5.9,-13.95,-133.96925884777576,-24.596436196111345,-38.028099568652365
12.55,3.88,-15.46,-131.51059102084358,-24.24470448957822,-41.02356569436402
10.61,3.39,-14.76,-129.86249210271768,-24.0923596055089,-42.87671358451489
9.08,3.23,-12.24,-130.26971625278716,-23.68241421184977,-42.49532318150223
8.0,3.08,-10.62,-130.92785324394194,-23.448298031292182,-41.83213929656368
7.03,3.4,-9.33,-131.98719464152978,-23.08561363949995,-40.69340241756593
6.25,4.45,-8.12,-133.12658560187518,-22.769918267605057,-39.41274892746301
5.47,4.52,-6.68,-134.5590130176977,-22.86343926833653,-37.55573563062536
5.77,4.06,-7.34,-134.6778353365212,-23.57704958135869,-36.87862290728264
5.14,4.36,-7.58,-135.2162310052641,-24.8662564695287,-35.17957649356332
4.44,2.41,-6.97,-135.45749811569678,-26.900386195717587,-33.29706335021371
