acc_x,acc_y,acc_z,eul_x,eul_y,eul_z
-0.89,0.51,-9.73,-148.0575479662478,-31.29283177814012,2.4180613422720283
-0.91,0.81,-9.69,-148.14094650942238,-31.221437269957967,2.452446574526375
-0.86,0.81,-9.79,-148.14094650942238,-31.221437269957967,2.4065996467302937
-0.87,0.83,-9.74,-148.1827256280383,-31.161951340157948,2.3951379752687134
-0.85,0.63,-9.88,-148.0992206918234,-31.233335490801053,2.4180613422720283
-1.01,0.62,-9.52,-148.0992206918234,-31.233335490801053,2.440984806055245
-0.56,0.58,-10.45,-148.0992206918234,-31.24523405697452,2.314906939637541
-0.85,0.78,-9.65,-148.0992206918234,-31.233335490801053,2.383676327772471
-0.88,0.93,-9.69,-148.0992206918234,-31.233335490801053,2.372214704126748
-0.85,0.75,-9.95,-148.0992206918234,-31.26903222594612,2.372214704126748
-0.92,0.7,-9.74,-148.0575479662478,-31.29283177814012,2.440984806055245
-0.74,0.46,-10.05,-148.0575479662478,-31.304732073341743,2.4639083675369537
-0.91,0.75,-9.7,-148.0992206918234,-31.233335490801053,2.578527672575933
-0.9,0.57,-9.55,-148.1827256280383,-31.161951340157948,2.6473004867786654
-1.25,0.64,-8.54,-148.2664446111409,-31.078685498016352,2.7619239753850606
-2.03,0.7,-6.8,-148.47668973247264,-30.78144442214905,3.0599582684028324
-2.75,-0.18,-4.74,-148.98694437514695,-30.17572764472251,3.0714215263829594
-2.47,0.51,-1.65,-149.68030591183427,-29.487919662093987,2.200293133435064
-0.73,2.12,-2.11,-150.0772121119661,-29.32206069578229,-0.9625804159917916
4.99,-1.54,-11.1,-147.35703857325038,-30.28255562108873,-11.443790822449785
5.74,2.84,-14.28,-144.9554604078314,-28.91952089539617,-19.029325032716933
5.12,2.7,-10.76,-143.75733722307018,-28.10371551481587,-22.11569761985897
4.89,3.25,-8.76,-141.46907086921098,-27.82029976108695,-25.9116795113663
6.94,2.65,-9.59,-138.0702668424954,-27.82029976108695,-30.603201736078947
8.28,2.38,-12.47,-132.38305943270692,-28.22185710635222,-37.4710226508146
8.16,2.44,-10.9,-129.59271976099836,-28.552816976564145,-40.5589927006499
7.88,2.55,-10.62,-128.3687376178253,-28.446410631570988,-42.08986846540722
7.02,2.48,-8.1,-128.28985159024583,-28.56464145412097,-42.08986846540722
6.58,2.66,-7.64,-127.6108060653337,-29.262840587223423,-42.4092712076169
6.5,1.68,-7.57,-126.96550395698284,-29.68940484166728,-42.86440291129757
5.98,2.1,-7.06,-126.45446035214496,-29.630134776789287,-43.49291375439449
6.3,2.17,-6.87,-125.8974793863132,-29.630134776789287,-44.15989850900582
6.48,3.06,-7.23,-124.972501010871,-29.72497078004789,-45.1509357631892
