acc_x,acc_y,acc_z,eul_x,eul_y,eul_z
-1.85,0.98,-10.02,-152.81901206638815,-23.71754026504909,9.556550648732504
-2.19,1.03,-9.26,-152.81901206638815,-23.68241421184977,9.591048446078224
-1.93,1.29,-9.66,-152.91671705681662,-23.65899809735879,9.45306245260688
-2.03,1.15,-9.37,-152.91671705681662,-23.70583132960312,9.349581983346614
-2.02,1.08,-9.48,-152.96569948682696,-23.729249451725817,9.200123661166051
-1.82,1.34,-9.87,-153.01476916887478,-23.70583132960312,9.06217605835773
-1.93,1.07,-9.6,-153.06392657993817,-23.71754026504909,9.004701785923347
-1.77,1.37,-10.11,-153.06392657993817,-23.740958889771715,8.855279263547427
-1.63,0.96,-10.47,-153.11317220133924,-23.71754026504909,8.843785851491393
-1.82,0.87,-9.86,-153.06392657993817,-23.694122645249475,9.027691221695424
-1.98,0.98,-9.18,-153.06392657993817,-23.63558298502357,9.280599254023052
-2.1,0.84,-8.74,-153.06392657993817,-23.63558298502357,9.349581983346614
-2.93,-0.94,-2.81,-153.5103719816942,-23.40148673707778,8.544988083393589
-2.8,1.8,2.35,-154.68638599830706,-23.144095168471857,0.5042044866238587
4.04,3.8,-5.14,-148.0575479662478,-24.37364567505576,-17.555261104447528
7.68,0.62,-8.93,-138.10230564989928,-25.782352883412447,-31.28093182906108
8.66,4.04,-10.19,-125.87228808096124,-25.711825174606208,-46.09573205363145
7.68,4.47,-9.06,-120.63897960324066,-25.594300989479407,-52.10569825761032
6.59,2.3,-4.63,-117.32089688772967,-26.00575632582789,-55.66651249731456
9.34,3.58,-4.7,-114.85268180222258,-25.89992116016652,-58.431552820506106
11.43,4.0,-7.11,-110.55089162584848,-26.13514108768563,-62.93300681618901
11.42,4.17,-7.26,-108.58359923261342,-26.19396354392425,-64.98646672733051
10.43,3.9,-5.44,-108.035685474304,-26.09985097880343,-65.58524867553507
10.07,3.43,-5.43,-107.86033561317936,-26.45286606002896,-65.58524867553507
9.71,3.18,-5.59,-107.99668693087187,-26.817917077101303,-65.2719990372295
8.27,2.65,-4.41,-108.54434186923864,-26.888604025029306,-64.64713688163303
8.42,3.98,-5.07,-109.27366158489086,-26.58236880563043,-64.0109096555285
8.31,3.31,-4.48,-110.02956467321044,-26.71190613338563,-63.16153810810004
7.48,3.24,-4.16,-110.79266112612925,-26.982869511205863,-62.22230638887762
7.81,3.05,-4.76,-110.75231492282506,-27.11251495381608,-62.19553975386646
8.29,3.57,-5.42,-110.6918341622299,-27.13609064749141,-62.235691121359
