acc_x,acc_y,acc_z,eul_x,eul_y,eul_z
-1.4,1.15,-9.61,-144.23939029133862,-34.27909787153104,5.2271876941715805
-1.25,1.0,-9.68,-144.3141111196786,-34.20715457242007,5.192774664418371
-1.23,1.0,-9.7,-144.27673180622273,-34.23113412634732,5.146891353190199
-1.37,0.94,-9.65,-144.27673180622273,-34.23113412634732,5.169832905126534
-1.38,1.02,-9.71,-144.23939029133862,-34.267106355147284,5.261601195679236
-1.23,1.14,-9.63,-144.27673180622273,-34.21914415630217,5.273072468222583
-1.28,1.32,-9.87,-144.23939029133862,-34.24312448272413,5.250129975900072
-1.58,0.96,-9.31,-144.23939029133862,-34.255115225601216,5.364844561963229
-1.3,1.02,-9.5,-144.23939029133862,-34.255115225601216,5.364844561963229
-1.41,1.07,-8.4,-144.23939029133862,-34.24312448272413,5.318958088351593
-1.47,0.55,-7.01,-144.3515283507124,-34.19516537453249,5.089538374458754
-1.8,0.84,-3.44,-144.53918747848587,-34.06330962524581,4.63075925768904
-1.92,0.48,-2.36,-144.841458151918,-33.931500337029355,3.0599582684028324
-0.71,0.47,-3.56,-145.03166189361892,-33.931500337029355,0.9052827329224428
0.79,0.68,-5.07,-144.87941908090357,-33.94348108559176,-3.2319104185008167
1.4,0.82,-6.13,-144.53918747848587,-33.78776111254545,-6.856665996646211
4.0,2.95,-9.92,-143.09992952909133,-33.416687431310486,-12.88430304585338
5.47,2.85,-12.63,-140.78037862226373,-32.890619725136126,-18.98285063278348
5.28,4.38,-12.5,-139.1073977684417,-32.17439925332779,-22.93359014513587
7.05,5.31,-14.72,-136.77619735313192,-31.138159380012,-27.51346175010752
6.71,4.16,-13.34,-135.5180089054747,-30.8765383737202,-29.547170301814948
5.91,3.82,-12.52,-134.26323636741046,-30.603201736078947,-31.376141122007805
5.53,4.59,-11.7,-133.82293398949477,-30.258813745298948,-32.114772865183184
5.04,3.36,-10.17,-133.50255170239728,-30.187596092266823,-32.44879621422149
4.83,3.37,-9.94,-133.27085000109963,-30.16385952856291,-32.60397465615993
4.59,3.15,-8.86,-133.41553604515124,-30.12825716684205,-32.34140081327868
4.11,3.44,-8.16,-133.6770461216721,-30.021467926252928,-31.98362621241675
4.09,3.65,-8.02,-133.7645266360233,-29.89098396291072,-31.84060617211112
4.39,3.73,-8.45,-133.64792062272213,-30.00960410399809,-31.804859125621785
4.13,3.62,-8.0,-133.64792062272213,-30.080791981197944,-31.66190266420909
4.06,3.62,-8.09,-133.61881240543406,-30.16385952856291,-31.56662645811723
4.12,3.24,-8.25,-133.53159111803808,-30.306298828005648,-31.507090202315183
