acc_x,acc_y,acc_z,eul_x,eul_y,eul_z
-1.67,2.83,-9.43,-134.52935339042855,-40.98686336329807,3.300693295071686
-1.63,2.78,-9.37,-134.49971207203987,-40.97463022944533,3.3121572228147254
-1.64,2.88,-9.48,-134.49971207203987,-40.96239758351413,3.2892294003721183
-1.71,2.75,-9.4,-134.44048421864292,-40.97463022944533,3.40386984812725
-1.79,2.43,-9.0,-134.4108976122917,-40.99909698527016,3.5873017007906127
-1.67,2.56,-9.26,-134.47008902668762,-40.90124166576177,3.644626018390772
-1.58,2.96,-9.72,-134.47008902668762,-40.84009791641019,3.564372225995784
-1.89,2.8,-9.01,-134.4108976122917,-40.86455395752174,3.656090990936744
-1.81,2.66,-9.19,-134.38132917213414,-40.9501654253067,3.6675560000932936
-1.77,2.62,-9.11,-134.29273249552642,-41.07250897869503,3.6331610823402585
-2.23,1.29,-8.09,-134.2337582296838,-41.20714343304567,3.5529075421905287
-2.63,-0.82,-7.21,-134.61838734283256,-40.96239758351413,2.968253297538604
-4.26,-5.06,-2.42,-135.8217429117077,-39.76593345094053,1.3980517025844337
-1.41,-6.65,-0.7,-138.4239905330992,-36.01000138130928,-5.101008867683621
4.36,2.78,-2.73,-139.5691405181039,-30.769559206882445,-13.830376539145911
10.54,12.36,-13.38,-135.8217429117077,-23.96348615709585,-27.242195772473625
10.67,8.91,-15.42,-131.9590360744759,-20.64633108966224,-34.13522516911611
6.66,9.33,-5.38,-132.86795984370113,-17.92639313237552,-33.84764578735518
6.67,9.58,-6.84,-132.41145409892673,-15.563501157916,-34.62702088107143
7.76,9.13,-11.79,-130.84513444406196,-15.1934809103634,-36.02205079852741
5.9,5.61,-7.36,-131.98719464152978,-15.505674829864253,-34.60301565627788
6.0,5.17,-9.76,-133.21309386328863,-15.725436142775802,-32.914516343671416
8.19,4.93,-16.11,-136.55893204947213,-14.788953503219902,-28.16278249153404
4.99,5.85,-8.29,-144.46400874868328,-11.086833319532731,-15.343782195666376
0.63,3.46,-2.92,-147.52054122823532,-8.843785851491393,-6.076199569788739
-1.36,4.83,-4.11,-146.71084020226166,-6.845186330854816,1.6157945246366483
-2.67,5.5,-2.75,-145.1462667205504,-6.317194167065648,4.3669953627837845
-1.49,4.35,-6.56,-144.46400874868328,-7.281463046960031,4.837200229263812
-1.88,4.63,-6.01,-144.0161283848301,-7.534092210574165,5.4336758888612415
-1.97,4.82,-6.76,-143.42720670361226,-7.683390239501281,5.674601147870103
-1.73,5.0,-7.79,-143.1724151146164,-7.867159619602527,5.594289991509483
-1.8,5.06,-7.25,-142.99145809873448,-7.924591684679524,5.777862453568277
-1.6,5.44,-8.18,-142.91931394004666,-7.913105112625812,5.777862453568277
