acc_x,acc_y,acc_z,eul_x,eul_y,eul_z
-2.4,3.36,-9.18,-141.57339812733943,-27.961985822582488,9.22311622194562
-2.54,3.33,-8.54,-141.57339812733943,-27.99741414521811,9.23461264182475
-2.45,3.43,-8.72,-141.57339812733943,-28.03284519878868,9.085166406176857
-2.53,3.76,-8.53,-141.57339812733943,-28.080090858618394,8.935735653853008
-2.45,3.61,-8.82,-141.6082344949301,-28.328210720644154,8.648411389524659
-3.0,3.11,-7.69,-141.64310130769366,-28.63559484770936,8.430081473298436
-4.03,2.79,-5.56,-141.9231418994875,-29.20362846739611,7.602997386301143
-4.81,0.88,-4.05,-142.240577342184,-30.06892651053725,6.133576755953128
-4.39,-1.74,-2.76,-142.2760067690691,-32.04323298370182,2.2346770389286066
-1.85,-3.14,-1.15,-141.74788525089278,-33.14160783025417,-5.261601195679236
3.66,0.15,-4.65,-139.80191665328087,-32.68755772174567,-14.292215737283833
8.96,-1.79,-5.99,-133.41553604515124,-31.39994691440291,-28.18641141984425
16.83,4.49,-14.77,-128.10621848828742,-27.52525947842401,-37.79789028318413
16.29,9.91,-14.48,-126.658333240647,-19.12228331882828,-42.87671358451489
14.56,11.7,-13.21,-127.04255474483055,-13.611082444309169,-42.76593619701882
11.04,12.17,-10.19,-129.9166096140095,-7.396290017779932,-37.664683622171815
7.84,11.85,-5.94,-136.12747373883852,-2.6358382855186164,-27.99741414521811
4.57,12.9,-4.65,-140.17034192327273,-0.2979383891459227,-20.4134200209308
2.94,12.68,-3.46,-144.388983618951,-0.3093975852894872,-11.89302513102135
2.19,3.68,-5.2,-147.93284627196644,-3.32362118371626,-7.2010885302066425
-0.13,3.05,-6.55,-150.34469905459454,-6.294241112432486,-2.670224968889185
-0.49,3.81,-7.79,-150.0772121119661,-7.614481849246593,0.5156637559929028
-1.58,1.82,-5.98,-150.12163073433226,-8.372631359788455,3.1287382797377283
-2.06,2.6,-6.78,-149.59279181341395,-8.866772764864926,5.3992599817249625
-2.55,3.48,-6.5,-149.11579237958978,-9.22311622194562,6.328670789467022
-1.5,3.02,-9.21,-148.68831050830863,-9.98208514628972,6.604129057804274
-1.84,4.01,-8.62,-148.35037934063973,-10.177646918437086,7.1207175606295605
-1.85,3.98,-8.55,-147.80861501075398,-10.396251161173767,7.936078336486531
-2.4,4.27,-7.69,-147.1943287474599,-10.52282880334764,8.510515201802361
-2.55,4.29,-7.69,-146.71084020226166,-10.787532942523711,8.740349140335567
